2007-12-28,11.94,11.94,11.94,11.94,2300,9.80
2008-01-02,12.35,12.35,12.14,12.14,2300,9.97
2008-01-03,11.47,12.02,11.47,11.81,13100,9.69
2008-01-04,11.31,11.73,11.31,11.73,34600,9.62
2008-01-07,10.97,11.60,10.97,11.60,20200,9.52
2008-01-08,11.14,11.31,10.89,11.22,25000,9.21
2008-01-09,10.89,11.64,10.89,11.64,15500,9.56
2008-01-10,10.89,11.10,10.85,11.06,42900,9.07
2008-01-14,10.72,10.97,10.72,10.97,8300,9.01
2008-01-15,10.30,10.97,10.30,10.97,16700,9.01
2008-01-16,10.97,10.97,10.97,10.97,5900,9.01
2008-01-17,10.55,10.55,10.55,10.55,3500,8.66
2008-01-18,10.55,10.55,10.39,10.39,7100,8.52
2008-01-21,10.60,10.80,10.60,10.80,4700,8.87
2008-01-22,10.09,10.09,10.09,10.09,1100,8.28
2008-01-23,10.05,10.64,10.05,10.64,9500,8.73
2008-01-24,10.64,10.64,10.09,10.09,20200,8.28
2008-01-25,10.51,10.55,10.51,10.51,4700,8.63
2008-01-28,10.13,10.13,10.13,10.13,3500,8.32
2008-01-29,10.13,10.30,10.13,10.30,2300,8.46
2008-01-30,9.84,10.22,9.80,10.22,4700,8.39
2008-01-31,10.30,10.30,10.01,10.01,14300,8.22
2008-02-01,10.05,10.43,10.05,10.05,10700,8.25
2008-02-12,10.39,10.39,9.76,9.76,4700,8.01
2008-02-13,9.80,10.22,9.72,9.72,5900,7.97
2008-02-14,9.05,9.38,9.05,9.38,17900,7.70
2008-02-15,9.21,9.21,9.21,9.21,2300,7.56
2008-02-18,8.96,9.84,8.79,9.30,59600,7.63
2008-02-19,9.63,9.63,9.63,9.63,17900,7.91
2008-02-20,10.01,10.30,9.67,10.30,14300,8.46
2008-02-21,11.01,11.01,11.01,11.01,211300,9.04
2008-02-22,11.77,11.77,11.56,11.77,170700,9.66
2008-02-25,12.19,12.31,11.77,12.31,136100,10.11
2008-02-26,12.19,12.19,11.56,11.98,66800,9.83
2008-02-27,11.98,12.14,11.56,12.14,65600,9.97
2008-02-29,12.14,12.14,12.06,12.06,16700,9.90
2008-03-03,11.64,11.89,11.64,11.89,7100,9.76
2008-03-05,11.98,11.98,11.94,11.94,17900,9.80
2008-03-06,11.64,12.40,11.64,12.40,75200,10.17
2008-03-07,12.40,12.40,12.40,12.40,7100,10.17
2008-03-10,11.98,12.31,11.98,12.31,11900,10.11
2008-03-11,11.98,12.31,11.98,12.31,10700,10.11
2008-03-12,11.98,12.31,11.98,12.31,21400,10.11
2008-03-13,12.31,12.31,11.73,12.14,11900,9.97
2008-03-14,12.02,12.31,12.02,12.23,9500,10.04
2008-03-17,11.89,12.19,11.81,11.81,3500,9.69
2008-03-18,12.06,12.31,12.06,12.31,13100,10.11
2008-03-19,11.98,12.31,11.89,12.31,59600,10.11
2008-03-20,12.14,12.14,12.02,12.02,3500,9.87
2008-03-21,11.73,12.27,11.73,12.27,25000,10.07
2008-03-24,12.14,12.35,12.14,12.35,58500,10.14
2008-03-25,12.44,12.44,12.27,12.35,34600,10.14
2008-03-26,12.35,12.35,12.35,12.35,11900,10.14
2008-03-28,12.06,12.06,12.06,12.06,2300,9.90
2008-03-31,11.98,11.98,11.98,11.98,2300,9.83
2008-04-01,11.89,12.14,11.89,12.14,85900,9.97
2008-04-02,12.14,12.14,11.89,11.89,34600,9.76
2008-04-03,12.14,12.31,11.89,12.31,19100,10.11
2008-04-07,12.23,12.31,12.23,12.31,17900,10.11
2008-04-08,11.89,12.31,11.89,12.23,124100,10.04
2008-04-09,12.06,12.19,11.94,12.19,44100,10.00
2008-04-10,12.19,12.31,11.73,12.23,19100,10.04
2008-04-11,12.10,12.10,11.89,11.89,2300,9.76
2008-04-14,11.98,11.98,11.89,11.98,26200,9.83
2008-04-15,12.06,12.14,11.81,12.14,15500,9.97
2008-04-16,12.23,12.23,12.23,12.23,1100,10.04
2008-04-17,12.40,12.44,12.02,12.02,40500,9.87
2008-04-18,12.23,12.23,12.23,12.23,8300,10.04
2008-04-21,12.40,12.40,11.81,11.94,75200,9.80
2008-04-22,12.31,12.35,11.98,11.98,8300,9.83
2008-04-24,12.14,12.14,11.94,11.94,8300,9.80
2008-04-25,12.14,12.14,11.98,11.98,3500,9.83
2008-04-28,12.14,12.14,11.77,11.77,21400,9.66
2008-04-29,12.14,12.14,11.56,11.60,25000,9.52
2008-04-30,11.73,12.02,11.31,11.98,5900,9.83
2008-05-02,12.06,12.06,12.02,12.02,4700,9.87
2008-05-05,12.06,12.06,11.73,11.73,41700,9.62
2008-05-06,11.81,11.81,11.81,11.81,1100,9.69
2008-05-07,11.85,11.89,11.81,11.89,17900,9.76
2008-05-09,11.81,12.06,11.73,12.06,5900,9.90
2008-05-12,12.06,12.90,12.06,12.90,117000,10.59
2008-05-13,12.98,12.98,12.31,12.31,40500,10.11
2008-05-14,13.15,13.15,13.15,13.15,325900,10.79
2008-05-15,14.03,14.03,13.53,14.03,606500,11.52
2008-05-16,13.86,13.95,13.07,13.40,134900,11.00
2008-05-19,13.99,14.16,13.74,14.16,56100,11.62
2008-05-20,13.74,14.03,13.57,13.57,45300,11.14
2008-05-21,13.32,13.86,13.32,13.82,34600,11.34
2008-05-22,13.48,13.82,13.40,13.82,45300,11.34
2008-05-23,13.57,13.57,13.40,13.40,37000,11.00
2008-05-26,12.61,13.07,12.61,13.07,9500,10.72
2008-05-27,12.65,12.90,12.65,12.90,2300,10.59
2008-05-28,13.23,13.23,12.98,12.98,2300,10.66
2008-05-29,12.56,12.98,12.27,12.98,20200,10.66
2008-05-30,13.65,13.65,12.61,12.98,13100,10.66
2008-06-02,12.65,12.65,12.65,12.65,1100,10.38
2008-06-03,13.44,13.44,13.15,13.15,4700,10.79
2008-06-04,12.48,12.94,12.48,12.94,16700,10.62
2008-06-05,12.23,12.94,12.23,12.94,2300,10.62
2008-06-06,13.07,13.07,12.98,12.98,3500,10.66
2008-06-09,12.98,13.23,12.98,13.15,23800,10.79
2008-06-10,12.98,12.98,12.56,12.56,20200,10.31
2008-06-11,12.48,12.77,12.06,12.77,3500,10.48
2008-06-12,12.19,12.52,11.94,12.52,4700,10.28
2008-06-13,12.14,12.56,11.77,12.56,14300,10.31
2008-06-16,12.35,12.73,12.31,12.31,20200,10.11
2008-06-17,11.94,12.02,11.94,12.02,2300,9.87
2008-06-18,12.35,12.35,12.35,12.35,2300,10.14
2008-06-19,11.94,11.94,11.94,11.94,2300,9.80
2008-06-20,11.89,12.56,11.89,12.56,14300,10.31
2008-06-24,12.14,12.31,12.14,12.31,11900,10.11
2008-06-27,11.47,11.47,11.47,11.47,19100,9.42
2008-06-30,11.06,11.06,11.06,11.06,5900,9.07
2008-07-02,10.89,10.89,10.89,10.89,7100,8.94
2008-07-03,10.13,11.64,10.13,11.64,28600,9.56
2008-07-04,11.64,11.64,11.01,11.27,3500,9.25
2008-07-08,11.64,11.64,11.06,11.06,5900,9.07
2008-07-09,11.77,11.77,11.06,11.06,5900,9.07
2008-07-11,11.68,11.68,11.06,11.10,5900,9.11
2008-07-15,10.34,10.76,10.34,10.76,8300,8.83
2008-07-21,10.68,10.76,10.64,10.76,3500,8.83
2008-07-22,10.34,11.47,10.34,11.47,29800,9.42
2008-07-23,11.06,11.06,10.80,10.80,4700,8.87
2008-07-24,10.43,11.31,10.05,11.31,16700,9.28
2008-07-25,10.64,10.93,10.55,10.85,13100,8.90
2008-08-20,9.63,10.05,9.63,10.05,13100,8.25
2008-08-25,9.97,9.97,9.97,9.97,2300,8.18
2008-08-27,9.59,10.05,9.59,10.05,5900,8.25
2008-08-29,9.93,9.93,9.93,9.93,5900,8.15
2008-09-02,9.34,10.47,9.26,10.47,9500,8.59
2008-09-03,9.76,9.76,9.76,9.76,3500,8.01
2008-09-04,9.17,9.17,9.13,9.13,3500,7.49
2008-09-05,8.50,8.50,8.50,8.50,45300,6.98
2008-09-08,9.09,9.09,9.09,9.09,2300,7.46
2008-09-09,8.50,8.50,8.50,8.50,1100,6.98
2008-09-10,9.05,9.05,9.05,9.05,1100,7.42
2008-09-11,9.21,9.21,9.21,9.21,7100,7.56
2008-09-15,8.79,8.79,8.79,8.79,2300,7.22
2008-09-17,9.21,9.21,8.18,8.96,4700,7.36
2008-09-19,8.34,9.05,8.34,8.34,4700,6.85
2008-09-23,8.88,8.92,8.88,8.92,2300,7.32
2008-09-25,9.51,9.51,8.42,9.13,3500,7.49
2008-09-26,8.71,8.71,8.63,8.63,2300,7.08
2008-10-03,8.71,8.71,8.71,8.71,1100,7.15
2008-10-07,8.92,8.92,8.92,8.92,2300,7.32
2008-10-08,8.30,8.30,8.30,8.30,11900,6.81
2008-10-09,7.74,8.01,7.74,8.01,8300,6.57
2008-10-13,7.73,7.73,7.73,7.73,3500,6.35
2008-10-14,7.46,7.96,7.46,7.96,11900,6.53
2008-10-15,7.68,7.95,7.68,7.95,3500,6.52
2008-10-20,7.40,8.08,7.40,8.08,15500,6.63
2008-10-21,7.96,7.96,7.87,7.87,3500,6.46
2008-10-27,7.32,7.62,7.32,7.62,17900,6.26
2008-10-28,7.09,7.29,7.09,7.29,68000,5.98
2008-10-29,7.53,7.53,6.78,7.28,9500,5.97
2008-10-30,7.53,7.53,7.53,7.53,3500,6.18
2008-11-04,7.53,7.53,7.53,7.53,1100,6.18
2008-11-06,7.01,7.45,7.01,7.45,10700,6.12
2008-11-07,7.04,7.45,7.04,7.45,11900,6.11
2008-11-10,6.93,7.45,6.93,7.45,2300,6.11
2008-11-11,6.97,7.37,6.93,7.37,21400,6.05
2008-11-12,6.86,7.25,6.86,7.25,21400,5.95
2008-11-13,6.77,7.11,6.75,7.11,15500,5.84
2008-11-14,6.62,6.62,6.62,6.62,19100,5.43
2008-11-17,6.16,6.16,6.16,6.16,7100,5.05
2008-11-18,5.73,5.86,5.73,5.86,3500,4.81
2008-11-19,5.48,5.78,5.46,5.78,9500,4.74
2008-11-20,5.38,5.38,5.38,5.38,8300,4.41
2008-11-21,5.01,5.38,5.01,5.01,41700,4.11
2008-11-24,5.01,5.01,5.01,5.01,2300,4.11
2008-11-25,4.67,4.85,4.67,4.85,21400,3.98
2008-11-26,4.51,4.68,4.51,4.68,13100,3.84
2008-11-27,4.67,4.67,4.67,4.67,1100,3.84
2008-11-28,4.36,4.61,4.36,4.61,19100,3.78
2008-12-01,4.36,4.44,4.36,4.44,27400,3.64
2008-12-02,4.13,4.36,4.13,4.36,11900,3.57
2008-12-03,4.10,4.19,4.10,4.19,11900,3.44
2008-12-04,3.92,4.10,3.92,4.10,3500,3.37
2008-12-05,3.89,3.94,3.89,3.94,3500,3.23
2008-12-08,3.89,3.89,3.89,3.89,10700,3.20
2008-12-10,3.89,4.10,3.89,3.90,25000,3.20
2008-12-11,4.12,4.17,4.12,4.17,28600,3.42
2008-12-12,4.46,4.46,3.93,4.44,5900,3.64
2008-12-15,4.75,4.75,4.14,4.75,23800,3.90
2008-12-16,5.02,5.02,4.99,4.99,2300,4.10
2008-12-18,4.65,4.81,4.65,4.81,2300,3.95
2008-12-19,4.52,4.81,4.51,4.81,4700,3.95
2008-12-22,4.47,4.47,4.47,4.47,2300,3.67
2008-12-23,4.16,4.41,4.16,4.41,3500,3.62
2008-12-24,4.11,4.43,4.11,4.43,7100,3.64
2008-12-25,4.19,4.74,4.19,4.74,8300,3.89
2008-12-26,4.99,5.00,4.99,5.00,3500,4.10
2008-12-29,5.34,5.34,5.18,5.19,5900,4.26
2008-12-30,4.83,5.34,4.83,5.34,20200,4.39
2008-12-31,4.98,5.28,4.98,5.28,23800,4.33
2009-01-05,5.36,5.36,5.36,5.36,1100,4.40
2009-01-06,5.40,5.40,5.36,5.36,2300,4.40
2009-01-07,5.11,5.36,5.11,5.36,11900,4.40
2009-01-09,4.99,5.60,4.99,5.60,7100,4.60
2009-01-13,5.22,5.60,5.22,5.60,3500,4.60
2009-01-14,5.99,5.99,5.22,5.90,11900,4.85
2009-01-15,5.49,5.49,5.49,5.49,4700,4.51
2009-01-16,5.12,5.12,5.12,5.12,2300,4.20
2009-01-19,4.93,4.93,4.93,4.93,3500,4.05
2009-01-20,5.28,5.28,4.69,5.23,5900,4.30
2009-01-21,5.60,5.60,4.87,5.53,10700,4.54
2009-02-02,5.53,5.53,5.15,5.15,11900,4.23
2009-02-03,5.51,5.51,5.44,5.44,3500,4.47
2009-02-04,5.08,5.35,5.08,5.35,9500,4.39
2009-02-05,5.04,5.44,5.04,5.44,9500,4.46
2009-02-06,5.16,5.35,5.11,5.35,21400,4.39
2009-02-09,5.11,5.43,5.11,5.43,13100,4.45
2009-02-10,5.05,5.11,5.05,5.11,3500,4.19
2009-02-11,4.76,4.76,4.76,4.76,1100,3.90
2009-02-12,4.51,4.74,4.51,4.74,8300,3.89
2009-02-13,5.01,5.07,4.98,5.07,8300,4.16
2009-02-16,5.40,5.40,5.40,5.40,1100,4.43
2009-02-17,5.15,5.44,5.03,5.39,5900,4.43
2009-02-18,5.02,5.41,5.02,5.41,2300,4.44
2009-02-19,5.68,5.68,5.68,5.68,1100,4.66
2009-02-20,5.29,5.29,5.29,5.29,5900,4.34
2009-02-23,4.92,5.62,4.92,5.60,14300,4.59
2009-02-24,5.21,5.88,5.21,5.88,9500,4.83
2009-02-25,5.61,6.27,5.47,6.24,20200,5.12
2009-02-26,5.86,6.45,5.86,6.42,20200,5.27
2009-02-27,6.20,6.28,5.98,6.28,56100,5.16
2009-03-02,5.88,6.72,5.86,6.16,15500,5.05
2009-03-03,5.88,6.03,5.73,6.03,10700,4.95
2009-03-04,5.61,5.99,5.61,5.99,26200,4.92
2009-03-05,5.65,6.11,5.65,6.11,9500,5.02
2009-03-06,6.11,6.11,6.11,6.11,7100,5.02
2009-03-09,6.45,6.45,6.37,6.37,10700,5.22
2009-03-10,5.95,6.57,5.95,6.57,10700,5.40
2009-03-11,6.15,6.78,6.15,6.57,79900,5.40
2009-03-12,6.57,6.57,6.57,6.57,15500,5.40
2009-03-13,6.57,6.57,6.57,6.57,3500,5.40
2009-03-16,6.30,6.70,6.30,6.70,7100,5.50
2009-03-17,6.37,6.78,6.37,6.78,3500,5.56
2009-03-18,6.37,6.62,6.32,6.62,3500,5.43
2009-03-19,6.16,6.21,6.16,6.16,57300,5.05
2009-03-20,5.86,6.11,5.86,6.11,4700,5.02
2009-03-23,5.74,6.28,5.71,6.28,14300,5.16
2009-03-24,5.85,6.51,5.85,6.51,14300,5.34
2009-03-25,6.11,6.44,6.06,6.44,13100,5.29
2009-03-26,6.32,6.86,6.32,6.86,19100,5.63
2009-03-27,6.62,6.86,6.62,6.86,31000,5.63
2009-03-30,6.42,6.74,6.41,6.74,8300,5.53
2009-04-01,6.29,6.49,6.27,6.49,78700,5.33
2009-04-02,6.16,6.45,6.10,6.45,25000,5.29
2009-04-03,6.16,6.37,6.06,6.37,19100,5.23
2009-04-06,6.32,6.69,6.07,6.69,16700,5.49
2009-04-07,6.37,6.61,6.33,6.61,29800,5.42
2009-04-08,6.21,6.41,6.16,6.41,31000,5.26
2009-04-09,6.11,6.60,6.11,6.60,19100,5.42
2009-04-10,6.21,6.45,6.21,6.43,32200,5.28
2009-04-13,6.22,6.45,6.22,6.45,29800,5.29
2009-04-14,6.28,6.45,6.28,6.37,132500,5.22
2009-04-15,6.38,6.38,6.38,6.38,8300,5.24
2009-04-16,6.51,6.51,6.51,6.51,8300,5.34
2009-04-17,6.51,6.96,6.48,6.96,127700,5.71
2009-04-20,7.45,7.45,7.45,7.45,44100,6.11
2009-04-21,7.97,7.97,7.97,7.97,114600,6.54
2009-04-22,8.50,8.50,7.54,8.46,278100,6.94
2009-04-23,9.05,9.05,7.96,9.05,207700,7.42
2009-04-24,9.67,9.67,9.13,9.63,149200,7.91
2009-04-27,9.63,9.80,8.96,9.55,51300,7.84
2009-04-28,9.55,9.55,8.92,9.51,60800,7.80
2009-04-29,9.34,9.34,9.21,9.21,32200,7.56
2009-04-30,9.84,9.84,9.46,9.84,136100,8.08
2009-05-04,10.47,10.51,9.46,9.63,26200,7.91
2009-05-05,9.88,9.88,9.88,9.88,1100,8.11
2009-05-06,9.88,9.88,9.88,9.88,1100,8.11
2009-05-07,9.63,9.63,9.63,9.63,1100,7.91
2009-05-08,9.55,9.55,9.46,9.46,2300,7.77
2009-05-12,9.21,9.42,8.84,8.84,39300,7.25
2009-05-13,8.38,8.71,8.38,8.71,45300,7.15
2009-05-14,8.25,8.71,8.25,8.71,9500,7.15
2009-05-15,8.71,9.30,8.71,9.30,10700,7.63
2009-05-18,8.96,9.88,8.67,9.88,31000,8.11
2009-05-19,10.55,10.55,9.21,10.47,33400,8.59
2009-05-20,10.05,10.43,9.76,10.43,27400,8.56
2009-05-21,10.43,11.06,9.88,11.06,33400,9.07
2009-05-22,10.55,10.55,10.43,10.55,17900,8.66
2009-05-25,10.18,11.01,10.13,10.89,34600,8.94
2009-05-26,11.64,11.64,10.22,10.85,111000,8.90
2009-05-27,10.30,10.60,10.22,10.55,10700,8.66
2009-06-01,10.55,10.76,10.22,10.60,9500,8.70
2009-06-02,10.55,10.55,10.22,10.51,5900,8.63
2009-06-03,9.80,11.01,9.80,11.01,16700,9.04
2009-06-04,10.47,10.64,10.26,10.60,14300,8.70
2009-06-05,10.55,10.55,9.88,10.01,16700,8.22
2009-06-08,10.05,11.10,10.05,11.10,5900,9.11
2009-06-09,10.34,10.89,10.34,10.89,8300,8.94
2009-06-10,10.89,10.89,10.47,10.85,8300,8.90
2009-06-11,10.26,10.39,10.13,10.39,19100,8.52
2009-06-12,10.47,10.47,9.76,10.39,5900,8.52
2009-06-16,10.22,10.22,10.22,10.22,1100,8.39
2009-06-17,10.22,10.22,9.63,10.05,3500,8.25
2009-06-18,10.18,10.18,9.46,10.01,9500,8.22
2009-06-19,9.97,9.97,9.97,9.97,1100,8.18
2009-06-22,9.38,9.76,9.38,9.76,5900,8.01
2009-06-23,9.72,10.39,9.21,10.39,5900,8.52
2009-06-24,10.22,10.39,9.67,9.84,17900,8.08
2009-06-26,9.26,9.88,9.21,9.88,25000,8.11
2009-06-29,9.46,9.72,9.21,9.72,34600,7.97
2009-06-30,9.26,9.51,9.05,9.51,28600,7.80
2009-07-02,9.21,9.34,8.88,9.34,21400,7.67
2009-07-06,8.71,9.05,8.71,8.75,10700,7.18
2009-07-07,8.71,8.92,8.59,8.88,8300,7.29
2009-07-08,9.00,9.00,8.59,8.92,8300,7.32
2009-07-09,9.17,9.17,8.54,8.54,10700,7.01
2009-07-10,8.21,8.34,8.05,8.32,44100,6.83
2009-07-13,7.97,8.35,7.97,8.35,5900,6.85
2009-07-14,8.35,8.35,7.78,8.34,15500,6.85
2009-07-15,8.34,8.34,8.21,8.33,8300,6.84
2009-07-16,7.86,8.75,7.86,8.75,5900,7.18
2009-07-17,8.63,8.63,8.26,8.63,4700,7.08
2009-07-20,8.15,8.38,8.15,8.38,4700,6.87
2009-07-21,8.37,8.59,8.36,8.59,11900,7.05
2009-07-22,8.92,8.92,8.38,8.59,22600,7.05
2009-07-23,8.42,8.46,8.42,8.46,7100,6.94
2009-07-24,8.38,8.88,8.38,8.88,15500,7.29
2009-07-27,8.79,8.79,8.79,8.79,13100,7.22
2009-07-28,9.09,9.09,8.18,8.88,16700,7.29
2009-07-29,8.71,8.84,8.42,8.75,7100,7.18
2009-07-30,8.54,8.54,8.54,8.54,1100,7.01
2009-07-31,8.54,8.54,8.54,8.54,1100,7.01
2009-08-03,8.59,8.71,8.54,8.63,9500,7.08
2009-08-04,8.79,8.79,8.79,8.79,5900,7.22
2009-08-05,9.00,9.00,8.79,8.79,15500,7.22
2009-08-06,8.84,8.84,8.84,8.84,7100,7.25
2009-08-10,8.23,8.75,8.23,8.75,7100,7.18
2009-08-11,8.88,8.88,8.88,8.88,1100,7.29
2009-08-12,8.38,8.75,8.38,8.75,2300,7.18
2009-08-18,8.14,8.59,8.14,8.59,19100,7.05
2009-08-19,8.59,8.59,8.54,8.54,2300,7.01
2009-08-20,8.50,9.13,8.46,9.13,142000,7.49
2009-08-21,9.76,9.76,9.76,9.76,56100,8.01
2009-08-24,10.43,10.43,10.43,10.43,133700,8.56
2009-08-25,11.14,11.14,9.80,10.64,392700,8.73
2009-08-26,10.39,10.39,9.93,10.22,58500,8.39
2009-08-27,9.72,10.09,9.51,10.09,118100,8.28
2009-08-28,9.51,9.93,9.51,9.93,25000,8.15
2009-08-31,9.34,10.47,9.34,10.43,41700,8.56
2009-09-01,11.14,11.14,9.76,10.64,46500,8.73
2009-09-02,11.06,11.06,10.13,10.76,16700,8.83
2009-09-03,11.06,11.06,10.51,10.89,382000,8.94
2009-09-04,11.06,11.14,10.47,10.76,278100,8.83
2009-09-07,10.76,10.89,10.05,10.05,179000,8.25
2009-09-08,9.38,9.93,9.38,9.72,284100,7.97
2009-09-09,9.21,9.55,9.05,9.13,136100,7.49
2009-09-10,9.13,9.13,8.50,8.50,199300,6.98
2009-09-11,8.50,8.75,8.00,8.71,82300,7.15
2009-09-14,9.00,9.05,8.21,8.25,66800,6.77
2009-09-15,7.83,8.63,7.83,8.63,64400,7.08
2009-09-16,8.21,8.63,8.21,8.46,114600,6.94
2009-09-17,9.05,9.05,8.34,8.54,109800,7.01
2009-09-18,8.33,8.33,7.97,8.29,204100,6.81
2009-09-21,8.19,8.19,7.84,8.12,161100,6.66
2009-09-22,8.07,8.07,7.62,7.71,236300,6.32
2009-09-23,7.78,7.78,7.17,7.17,410700,5.88
2009-09-24,7.12,7.19,6.83,7.03,844000,5.77
2009-09-25,7.00,7.13,6.55,6.76,605300,5.55
2009-09-28,6.76,6.94,6.47,6.53,527700,5.36
2009-09-29,6.63,6.76,6.08,6.35,1191500,5.21
2009-09-30,6.44,6.79,6.28,6.79,251900,5.58
2009-10-01,7.26,7.26,7.26,7.26,91900,5.96
2009-10-02,7.76,7.76,7.26,7.76,1319200,6.37
2009-10-05,8.20,8.20,7.79,7.89,674500,6.48
2009-10-06,7.96,8.03,7.38,7.54,439300,6.19
2009-10-07,7.55,7.75,7.55,7.56,171900,6.21
2009-10-08,7.55,7.58,7.55,7.55,81100,6.19
2009-10-09,7.83,8.04,7.75,7.87,222000,6.46
2009-10-12,8.04,8.04,7.76,7.97,142000,6.54
2009-10-13,7.93,8.09,7.80,7.96,304400,6.53
2009-10-14,8.02,8.17,7.85,8.17,117000,6.70
2009-10-15,8.17,8.42,8.00,8.23,334200,6.76
2009-10-16,8.27,8.79,8.27,8.79,179000,7.22
2009-10-19,9.21,9.38,8.79,9.38,348600,7.70
2009-10-20,9.55,10.01,9.55,10.01,193400,8.22
2009-10-21,10.68,10.68,10.05,10.26,548000,8.42
2009-10-22,10.05,10.51,9.63,9.80,237500,8.04
2009-10-23,10.05,10.13,9.84,9.84,75200,8.08
2009-10-26,9.55,10.05,9.55,10.05,109800,8.25
2009-10-27,9.97,9.97,9.63,9.97,15500,8.18
2009-10-28,9.72,10.05,9.67,9.72,45300,7.97
2009-10-29,9.63,9.63,9.30,9.34,140800,7.67
2009-10-30,9.46,9.46,9.34,9.34,106200,7.67
2009-11-02,9.34,9.80,9.30,9.80,26200,8.04
2009-11-03,9.51,9.51,9.51,9.51,3500,7.80
2009-11-04,9.38,10.05,9.38,9.97,35800,8.18
2009-11-05,9.63,9.88,9.63,9.80,8300,8.04
2009-11-06,9.84,10.05,9.30,9.30,23800,7.63
2009-11-09,9.59,9.93,9.59,9.72,5900,7.97
2009-11-10,9.42,9.80,9.42,9.46,17900,7.77
2009-11-11,9.42,9.63,9.30,9.63,168300,7.91
2009-11-12,9.59,9.63,9.59,9.63,15500,7.91
2009-11-13,9.63,9.93,9.63,9.63,156400,7.91
2009-11-16,8.96,9.97,8.96,9.46,23800,7.77
2009-11-17,9.21,9.51,8.84,9.51,31000,7.80
2009-11-18,9.00,9.46,9.00,9.46,8300,7.77
2009-11-19,9.13,9.46,9.13,9.42,8300,7.73
2009-11-20,9.38,9.55,9.00,9.00,9500,7.39
2009-11-23,9.30,9.63,9.21,9.21,28600,7.56
2009-11-24,9.38,9.46,8.79,8.79,29800,7.22
2009-11-25,9.17,9.21,9.13,9.21,10700,7.56
2009-11-26,9.21,9.21,8.79,8.84,14300,7.25
2009-11-27,9.13,9.21,8.79,8.79,46500,7.22
2009-11-30,8.63,8.96,8.63,8.96,3500,7.36
2009-12-01,9.13,9.13,9.09,9.09,8300,7.46
2009-12-02,8.88,9.21,8.71,8.71,19100,7.15
2009-12-03,8.96,9.05,8.79,8.88,20200,7.29
2009-12-04,8.63,8.71,8.59,8.67,27400,7.12
2009-12-07,8.67,8.79,8.42,8.79,16700,7.22
2009-12-08,8.63,8.92,8.63,8.84,15500,7.25
2009-12-09,8.88,8.96,8.79,8.79,25000,7.22
2009-12-10,8.59,9.38,8.59,9.38,207700,7.70
2009-12-11,10.01,10.01,10.01,10.01,122900,8.22
2009-12-14,10.68,10.68,10.68,10.68,17900,8.77
2009-12-15,11.39,11.39,10.76,11.39,1350300,9.35
2009-12-16,10.89,11.31,10.68,10.89,484700,8.94
2009-12-17,11.47,11.47,10.89,11.06,157500,9.07
2009-12-18,10.89,11.81,10.89,11.81,672100,9.69
2009-12-21,12.06,12.14,11.43,11.81,343800,9.69
2009-12-22,11.85,11.85,11.47,11.60,152800,9.52
2009-12-23,11.98,11.98,11.47,11.47,201700,9.42
2009-12-24,11.47,11.81,11.31,11.31,162300,9.28
2009-12-25,11.56,11.73,11.22,11.27,89500,9.25
2009-12-28,11.64,11.64,10.89,10.97,120500,9.01
2009-12-29,11.06,11.43,11.06,11.43,85900,9.38
2009-12-30,11.73,11.81,11.18,11.39,176700,9.35
2009-12-31,11.60,11.60,11.14,11.22,149200,9.21
2010-01-04,11.47,11.47,11.06,11.10,96700,9.11
2010-01-05,11.27,11.31,10.89,11.06,176700,9.07
2010-01-06,10.93,11.31,10.89,10.93,225600,8.97
2010-01-07,10.93,11.14,10.89,10.93,218400,8.97
2010-01-08,11.06,11.06,10.72,10.89,257800,8.94
2010-01-11,10.76,11.52,10.76,11.22,401100,9.21
2010-01-12,11.14,11.14,10.93,11.14,102600,9.14
2010-01-13,11.22,11.47,11.10,11.35,169500,9.32
2010-01-14,11.31,11.35,11.14,11.27,51300,9.25
2010-01-15,11.27,11.85,11.27,11.52,128900,9.45
2010-01-18,11.47,11.81,11.22,11.22,159900,9.21
2010-01-19,11.22,11.22,10.85,10.89,232800,8.94
2010-01-20,10.93,11.01,10.76,10.89,96700,8.94
2010-01-21,10.80,11.14,10.68,10.97,171900,9.01
2010-01-22,10.55,10.68,10.39,10.68,101400,8.77
2010-01-25,10.68,10.85,9.97,9.97,154000,8.18
2010-01-26,10.05,10.51,9.80,9.84,297200,8.08
2010-01-27,9.67,10.05,9.63,9.88,68000,8.11
2010-01-28,10.01,10.47,10.01,10.09,42900,8.28
2010-01-29,10.13,10.13,10.13,10.13,2300,8.32
2010-02-01,10.05,10.09,10.05,10.05,4700,8.25
2010-02-02,10.18,10.18,10.13,10.13,19100,8.32
2010-02-03,10.22,10.22,10.22,10.22,17900,8.39
2010-02-04,10.30,10.47,10.30,10.47,22600,8.59
2010-02-05,10.01,10.47,9.97,9.97,89500,8.18
2010-02-08,10.01,10.26,10.01,10.26,9500,8.42
2010-02-09,10.30,10.30,9.76,10.18,144400,8.35
2010-02-10,10.01,10.01,9.59,9.88,84700,8.11
2010-02-22,10.01,10.09,9.80,9.80,54900,8.04
2010-02-23,9.97,10.22,9.97,10.22,48900,8.39
2010-02-24,10.22,10.93,10.22,10.93,140800,8.97
2010-02-25,11.01,11.27,10.64,10.64,179000,8.73
2010-02-26,10.64,11.01,10.34,10.55,150400,8.66
2010-03-01,10.55,10.85,10.55,10.85,23800,8.90
2010-03-02,10.97,10.97,10.72,10.89,13100,8.94
2010-03-03,10.72,10.89,10.64,10.89,31000,8.94
2010-03-04,10.89,10.93,10.60,10.93,14300,8.97
2010-03-05,10.93,11.01,10.80,10.80,19100,8.87
2010-03-08,10.68,10.89,10.68,10.89,16700,8.94
2010-03-09,10.76,10.93,10.76,10.76,11900,8.83
2010-03-10,10.76,10.80,10.60,10.60,102600,8.70
2010-03-11,10.64,10.89,10.64,10.72,16700,8.80
2010-03-12,10.72,10.72,10.60,10.72,41700,8.80
2010-03-15,10.60,10.80,10.55,10.80,45300,8.87
2010-03-16,10.80,11.14,10.60,11.14,146800,9.14
2010-03-17,11.22,11.85,11.22,11.35,308000,9.32
2010-03-18,11.68,11.68,11.31,11.35,74000,9.32
2010-03-19,11.47,11.60,11.31,11.60,109800,9.52
2010-03-23,12.23,12.69,12.06,12.40,149200,10.17
2010-03-24,12.69,12.69,12.23,12.56,249500,10.31
2010-03-25,12.56,12.56,12.31,12.48,101400,10.24
2010-03-26,12.31,12.90,12.02,12.90,130100,10.59
2010-03-29,13.74,13.74,12.90,13.57,345000,11.14
2010-03-30,13.40,13.40,13.07,13.40,194600,11.00
2010-03-31,13.15,13.32,13.02,13.02,124100,10.69
2010-04-01,13.02,13.23,12.98,13.23,50100,10.86
2010-04-02,12.98,13.23,12.90,12.98,38200,10.66
2010-04-06,12.98,13.36,12.98,12.98,99000,10.66
2010-04-07,13.02,13.48,12.98,13.40,50100,11.00
2010-04-08,13.40,13.48,13.40,13.40,40500,11.00
2010-04-09,13.48,13.57,13.23,13.40,72800,11.00
2010-04-12,12.98,13.23,12.73,13.15,85900,10.79
2010-04-13,13.28,13.36,13.07,13.07,64400,10.72
2010-04-14,13.23,13.23,13.15,13.23,23800,10.86
2010-04-15,13.40,13.40,13.07,13.40,42900,11.00
2010-04-16,13.23,13.32,13.15,13.19,42900,10.83
2010-04-19,13.15,13.36,13.02,13.32,78700,10.93
2010-04-20,13.32,13.40,13.15,13.36,77600,10.97
2010-04-21,13.23,13.36,13.15,13.36,32200,10.97
2010-04-22,13.32,13.32,13.07,13.07,52500,10.72
2010-04-23,13.02,13.15,12.81,12.86,62000,10.55
2010-04-26,13.11,13.15,13.11,13.15,19100,10.79
2010-04-27,13.32,13.32,12.90,13.23,16700,10.86
2010-04-28,13.07,13.07,12.73,12.90,48900,10.59
2010-04-29,12.90,13.15,12.14,12.77,151600,10.48
2010-04-30,12.77,12.98,11.94,12.06,130100,9.90
2010-05-03,11.81,12.44,11.81,12.35,17900,10.14
2010-05-04,12.35,12.48,11.98,12.48,95500,10.24
2010-05-05,12.14,12.56,12.14,12.48,28600,10.24
2010-05-06,12.98,12.98,12.23,12.56,13100,10.31
2010-05-07,12.14,13.44,11.89,13.44,1136600,11.03
2010-05-10,13.61,13.61,12.52,12.52,742600,10.28
2010-05-11,12.14,12.73,11.77,11.98,276900,9.83
2010-05-12,11.89,12.31,11.89,11.94,40500,9.80
2010-05-13,11.73,12.73,11.73,12.48,222000,10.24
2010-05-14,12.23,13.32,12.10,13.32,483500,10.93
2010-05-17,14.24,14.24,13.40,14.24,1521000,11.69
2010-05-18,13.40,14.07,13.40,13.74,432100,11.27
2010-05-19,13.28,13.78,13.23,13.40,140800,11.00
2010-05-20,13.40,13.40,12.90,12.90,113400,10.59
2010-05-21,12.56,12.56,12.02,12.35,124100,10.14
2010-05-24,12.35,12.56,11.98,12.40,111000,10.17
2010-05-25,12.40,12.40,11.89,12.19,206500,10.00
2010-05-26,12.14,12.56,11.98,11.98,126500,9.83
2010-05-27,12.14,12.31,12.14,12.23,78700,10.04
2010-05-28,12.14,12.23,12.14,12.19,54900,10.00
2010-05-31,12.14,12.40,12.06,12.40,52500,10.17
2010-06-01,12.48,13.15,12.48,12.73,76400,10.45
2010-06-02,12.98,12.98,12.56,12.56,53700,10.31
2010-06-03,12.81,13.02,12.73,13.02,32200,10.69
2010-06-04,12.81,12.81,12.81,12.81,28600,10.52
2010-06-07,12.81,13.48,12.81,13.32,27400,10.93
2010-06-08,13.40,13.40,13.15,13.23,15500,10.86
2010-06-09,12.86,13.40,12.86,13.07,99000,10.72
2010-06-10,12.98,13.95,12.98,13.82,489500,11.34
2010-06-11,13.82,14.07,13.53,14.07,113400,11.55
2010-06-14,14.07,14.62,13.65,13.90,51300,11.41
2010-06-15,14.07,14.07,13.90,13.90,44100,11.41
2010-06-17,13.90,14.20,13.69,14.07,48900,11.55
2010-06-18,14.16,14.41,13.99,14.07,101400,11.55
2010-06-21,14.16,14.32,14.07,14.07,46500,11.55
2010-06-22,14.07,14.20,13.99,14.16,79900,11.62
2010-06-23,14.07,14.11,13.99,13.99,32200,11.48
2010-06-24,14.07,14.16,13.99,14.16,52500,11.62
2010-06-25,13.90,14.07,13.90,14.03,31000,11.52
2010-06-29,14.16,14.16,13.99,13.99,32200,11.48
2010-06-30,13.82,14.32,13.82,14.24,78700,11.69
2010-07-01,14.07,14.24,14.03,14.03,29800,11.52
2010-07-02,14.03,14.07,13.95,13.95,27400,11.45
2010-07-05,13.95,13.95,13.82,13.82,31000,11.34
2010-07-06,14.20,14.24,14.20,14.24,4700,11.69
2010-07-07,13.90,14.16,13.74,13.74,21400,11.27
2010-07-08,13.74,14.16,13.74,14.16,14300,11.62
2010-07-09,14.16,14.16,13.74,14.07,19100,11.55
2010-07-12,13.57,14.66,13.57,13.99,97900,11.48
2010-07-13,13.99,13.99,13.57,13.99,13100,11.48
2010-07-14,13.57,13.74,13.57,13.65,26200,11.21
2010-07-15,13.82,13.82,13.65,13.65,4700,11.21
2010-07-16,13.65,13.82,13.44,13.65,9500,11.21
2010-07-19,13.57,13.82,13.57,13.65,23800,11.21
2010-07-20,13.65,13.82,13.65,13.65,25000,11.21
2010-07-21,13.65,13.65,13.65,13.65,47700,11.21
2010-07-22,13.65,13.65,13.48,13.48,8300,11.07
2010-07-23,13.40,13.65,13.40,13.65,28600,11.21
2010-07-26,13.65,13.99,13.65,13.99,64400,11.48
2010-07-27,13.82,13.82,13.57,13.57,78700,11.14
2010-07-28,14.49,14.49,13.78,13.90,132500,11.41
2010-07-29,13.90,13.90,13.40,13.48,93100,11.07
2010-07-30,13.53,13.74,13.53,13.57,44100,11.14
2010-08-02,13.57,13.90,13.48,13.90,165900,11.41
2010-08-03,13.90,13.99,13.82,13.90,261400,11.41
2010-08-04,13.90,14.07,13.90,14.03,3500,11.52
2010-08-05,13.99,14.24,13.99,14.24,72800,11.69
2010-08-06,14.24,14.24,13.90,13.90,14300,11.41
2010-08-09,13.82,14.16,13.82,14.11,27400,11.58
2010-08-10,14.11,14.11,14.11,14.11,27400,11.58
2010-08-11,14.11,14.11,13.74,14.07,39300,11.55
2010-08-12,13.90,14.07,13.74,13.78,31000,11.31
2010-08-13,13.86,14.24,13.86,14.24,159900,11.69
2010-08-16,14.24,14.24,13.90,14.24,46500,11.69
2010-08-17,13.90,14.20,13.90,14.07,8300,11.55
2010-08-18,14.07,14.24,13.90,13.90,57300,11.41
2010-08-19,14.07,14.07,13.82,13.82,56100,11.34
2010-08-20,13.82,14.57,13.74,14.16,487100,11.62
2010-08-23,14.03,14.16,13.82,13.86,314000,11.38
2010-08-24,13.90,13.99,13.65,13.82,145600,11.34
2010-08-25,13.82,13.99,13.57,13.99,58500,11.48
2010-08-26,13.65,13.99,13.57,13.65,151600,11.21
2010-08-27,13.65,14.16,13.65,13.82,9500,11.34
2010-08-30,13.78,13.78,13.74,13.74,5900,11.27
2010-08-31,14.32,14.32,13.74,13.82,39300,11.34
2010-09-01,13.69,13.69,13.69,13.69,4700,11.24
2010-09-02,13.90,14.07,13.82,13.82,44100,11.34
2010-09-03,13.82,13.82,13.78,13.82,76400,11.34
2010-09-06,14.24,14.24,13.99,14.16,46500,11.62
2010-09-07,15.12,15.12,15.12,15.12,396300,12.41
2010-09-08,16.17,16.17,16.17,16.17,427400,13.27
2010-09-09,17.30,17.30,15.03,16.00,472700,13.13
2010-09-10,16.17,16.29,15.91,16.17,169500,13.27
2010-09-13,16.71,16.71,16.17,16.21,162300,13.30
2010-09-14,16.58,16.58,16.00,16.12,176700,13.23
2010-09-15,15.91,16.21,15.08,15.66,112200,12.86
2010-09-16,15.58,16.75,15.24,16.75,494200,13.75
2010-09-17,17.17,17.25,16.08,16.08,293700,13.20
2010-09-20,15.54,16.08,15.54,15.91,83500,13.06
2010-09-21,15.75,16.75,15.75,16.00,99000,13.13
2010-09-23,16.00,16.17,16.00,16.17,20200,13.27
2010-09-24,16.17,16.75,16.00,16.42,156400,13.47
2010-09-27,16.75,16.75,15.66,15.75,145600,12.92
2010-09-28,15.91,16.00,15.50,15.75,91900,12.92
2010-09-29,15.91,15.91,15.41,15.50,181400,12.72
2010-09-30,15.58,16.00,15.08,15.08,808200,12.37
2010-10-01,15.16,15.50,14.99,15.08,304400,12.37
2010-10-04,15.41,15.41,15.08,15.08,579000,12.37
2010-10-05,15.08,15.33,15.08,15.08,550300,12.37
2010-10-06,15.12,15.54,15.12,15.41,376000,12.65
2010-10-07,16.06,16.10,15.79,16.06,293700,13.18
2010-10-08,15.83,16.06,15.61,15.66,265600,12.85
2010-10-11,15.34,16.06,15.30,16.06,89600,13.18
2010-10-12,16.06,16.55,16.06,16.41,267900,13.47
2010-10-13,17.53,17.53,16.06,16.50,93000,13.55
2010-10-14,16.50,16.50,16.24,16.24,53800,13.33
2010-10-15,16.24,16.24,15.88,15.88,66100,13.03
2010-10-18,15.83,15.83,15.16,15.61,220800,12.81
2010-10-19,15.61,15.70,15.34,15.34,77300,12.59
2010-10-20,15.34,15.79,15.34,15.48,146800,12.70
2010-10-21,15.48,15.48,15.34,15.48,98600,12.70
2010-10-22,15.70,15.70,15.48,15.66,39200,12.85
2010-10-25,15.79,15.92,15.79,15.79,19000,12.96
2010-10-26,15.52,15.70,15.52,15.66,44800,12.85
2010-10-27,14.58,15.16,14.58,14.58,1486400,11.97
2010-10-28,14.27,14.63,14.09,14.50,460700,11.90
2010-10-29,14.45,14.58,14.45,14.58,253300,11.97
2010-11-01,14.58,14.72,14.45,14.50,197300,11.90
2010-11-02,14.41,14.67,14.41,14.50,197300,11.90
2010-11-03,14.45,14.58,14.36,14.41,205100,11.82
2010-11-04,14.36,14.54,14.36,14.45,119900,11.86
2010-11-05,14.45,14.67,14.45,14.63,180400,12.01
2010-11-09,14.50,14.58,14.50,14.54,56000,11.93
2010-11-10,14.54,14.63,14.54,14.58,75100,11.97
2010-11-11,14.54,15.08,14.54,14.85,116500,12.19
2010-11-12,14.85,14.94,14.85,14.85,84000,12.19
2010-11-15,14.85,15.08,14.81,14.94,35800,12.26
2010-11-16,14.94,15.43,14.94,15.21,149000,12.48
2010-11-17,15.08,15.48,14.94,15.16,67200,12.45
2010-11-18,15.16,15.48,15.16,15.43,77300,12.67
2010-11-19,15.43,15.61,15.39,15.61,106400,12.81
2010-11-22,15.61,16.15,15.61,15.92,140100,13.07
2010-11-23,16.24,16.24,15.92,15.92,106400,13.07
2010-11-24,15.70,16.06,15.70,15.83,39200,13.00
2010-11-25,15.97,16.10,15.88,16.10,109800,13.22
2010-11-26,16.06,16.10,15.12,15.97,91900,13.11
2010-11-29,15.88,16.37,15.88,16.32,186000,13.40
2010-11-30,16.32,16.46,16.32,16.46,154700,13.51
2010-12-01,16.46,17.57,16.46,17.53,353100,14.39
2010-12-02,17.53,17.84,17.22,17.31,311600,14.20
2010-12-03,17.31,18.11,17.04,18.02,451700,14.79
2010-12-06,17.89,18.20,17.80,17.84,315000,14.64
2010-12-07,17.93,18.29,17.84,18.20,303700,14.94
2010-12-08,18.20,19.45,18.20,19.45,448400,15.96
2010-12-09,20.78,20.78,19.89,20.65,892300,16.95
2010-12-10,20.52,20.52,19.67,20.12,343000,16.51
2010-12-13,19.89,20.96,19.89,20.74,289200,17.02
2010-12-14,20.74,21.05,20.52,20.52,304900,16.84
2010-12-15,20.52,20.74,20.43,20.65,178200,16.95
2010-12-16,20.52,20.65,20.43,20.52,304900,16.84
2010-12-17,20.52,20.96,20.52,20.83,218600,17.10
2010-12-20,21.41,21.41,20.87,20.96,159100,17.21
2010-12-21,20.96,21.05,20.70,20.78,72800,17.06
2010-12-23,20.61,20.61,19.62,19.67,234200,16.14
2010-12-24,19.45,20.07,19.18,19.27,339600,15.81
2010-12-27,19.40,19.80,19.40,19.40,122100,15.92
2010-12-28,19.45,20.03,19.45,19.98,141200,16.40
2010-12-29,20.07,20.16,19.45,19.54,258900,16.03
2010-12-30,19.62,19.67,19.58,19.62,81800,16.11
2010-12-31,19.71,20.96,19.62,20.96,363200,17.21
2011-01-03,20.87,20.87,20.07,20.16,88500,16.55
2011-01-04,19.94,20.25,19.94,20.12,71700,16.51
2011-01-05,20.47,20.47,20.07,20.12,54900,16.51
2011-01-06,20.52,20.52,20.07,20.12,36900,16.51
2011-01-07,20.12,20.12,19.71,19.71,23500,16.18
2011-01-10,19.62,19.85,19.36,19.62,195000,16.11
2011-01-11,19.62,20.34,19.54,19.62,78400,16.11
2011-01-12,19.62,19.62,19.27,19.27,76200,15.81
2011-01-13,19.18,19.89,19.18,19.62,40300,16.11
2011-01-14,19.62,19.62,19.45,19.62,25700,16.11
2011-01-17,19.62,19.62,18.73,18.78,184900,15.41
2011-01-18,19.54,19.54,18.87,18.87,19000,15.49
2011-01-19,18.91,19.45,18.91,18.96,6700,15.56
2011-01-20,19.05,19.05,19.00,19.00,12300,15.60
2011-01-21,18.91,19.00,18.91,19.00,6700,15.60
2011-01-24,19.54,20.29,19.54,19.71,248800,16.18
2011-01-25,19.54,19.98,19.45,19.45,29100,15.96
2011-01-26,19.45,19.62,19.45,19.58,10000,16.07
2011-01-27,19.58,19.58,18.82,18.91,31300,15.52
2011-01-28,18.91,19.54,18.91,19.54,94100,16.03
2011-02-08,19.45,19.45,18.91,19.45,40300,15.96
2011-02-09,19.45,19.45,19.18,19.22,205100,15.78
2011-02-10,19.22,19.27,18.87,19.18,54900,15.74
2011-02-11,19.18,19.18,18.73,18.91,60500,15.52
2011-02-14,17.71,18.87,17.71,18.82,21300,15.45
2011-02-15,17.84,18.73,17.84,18.29,19000,15.01
2011-02-16,18.29,19.18,18.29,19.18,127700,15.74
2011-02-17,19.13,19.13,18.33,18.55,47000,15.23
2011-02-18,18.55,18.69,18.38,18.60,77300,15.27
2011-02-21,18.60,18.60,18.29,18.33,58200,15.05
2011-02-22,18.29,18.29,17.84,17.89,65000,14.68
2011-02-23,17.89,17.93,17.71,17.93,34700,14.72
2011-02-24,17.93,17.93,17.39,17.48,51500,14.35
2011-02-25,17.48,17.48,16.59,16.99,115400,13.95
2011-03-01,15.88,16.95,15.88,16.86,43700,13.84
2011-03-02,16.50,16.86,16.50,16.59,21300,13.62
2011-03-03,16.59,16.99,16.59,16.73,135600,13.73
2011-03-04,16.73,16.90,16.06,16.68,25700,13.69
2011-03-07,16.24,16.37,16.06,16.37,41400,13.44
2011-03-08,16.37,16.59,16.24,16.59,82900,13.62
2011-03-09,16.59,16.77,16.50,16.59,58200,13.62
2011-03-10,16.50,16.50,16.06,16.06,97500,13.18
2011-03-11,16.15,16.32,15.70,16.01,165900,13.14
2011-03-14,15.61,15.97,15.34,15.88,72800,13.03
2011-03-15,16.06,16.06,14.81,15.43,136700,12.67
2011-03-16,15.79,15.97,15.43,15.97,50400,13.11
2011-03-17,15.16,15.88,15.16,15.52,33600,12.74
2011-03-18,16.06,16.06,15.52,15.88,48200,13.03
2011-03-21,15.83,15.83,15.52,15.79,29100,12.96
2011-03-22,15.43,15.70,15.43,15.48,28000,12.70
2011-03-23,15.48,15.66,15.16,15.66,19000,12.85
2011-03-24,15.66,15.66,15.16,15.34,40300,12.59
2011-03-25,15.43,15.61,15.34,15.52,34700,12.74
2011-03-28,15.43,15.43,15.08,15.08,50400,12.37
2011-03-29,15.39,15.39,15.39,15.39,1100,12.63
2011-03-30,15.43,15.61,15.34,15.34,48200,12.59
2011-03-31,15.34,15.61,15.34,15.61,22400,12.81
2011-04-01,15.61,15.88,15.52,15.61,30200,12.81
2011-04-06,15.61,15.97,15.61,15.88,35800,13.03
2011-04-07,15.79,15.88,15.61,15.74,35800,12.92
2011-04-08,15.66,15.66,15.52,15.61,14500,12.81
2011-04-11,16.01,16.01,15.61,15.79,26900,12.96
2011-04-12,15.70,15.79,15.61,15.66,7800,12.85
2011-04-13,15.66,15.66,15.57,15.57,14500,12.78
2011-04-14,15.61,15.83,15.52,15.61,49300,12.81
2011-04-15,15.48,15.79,15.48,15.66,62700,12.85
2011-04-18,15.70,16.64,15.66,16.55,75100,13.58
2011-04-19,16.50,16.50,15.70,15.92,40300,13.07
2011-04-20,16.01,16.10,15.74,15.79,21300,12.96
2011-04-21,15.83,15.83,15.79,15.83,4400,13.00
2011-04-22,15.83,15.83,15.79,15.79,10000,12.96
2011-04-25,15.97,16.24,15.97,16.15,23500,13.25
2011-04-26,16.32,16.32,15.97,16.19,17900,13.29
2011-04-27,16.28,16.32,16.06,16.32,35800,13.40
2011-04-28,16.32,16.59,16.32,16.32,26900,13.40
2011-04-29,16.32,16.32,16.06,16.06,20100,13.18
2011-05-03,16.06,16.41,16.06,16.15,42500,13.25
2011-05-04,16.15,16.24,16.15,16.15,43700,13.25
2011-05-05,16.15,16.15,16.15,16.15,14500,13.25
2011-05-06,16.32,16.37,16.15,16.37,221900,13.44
2011-05-09,16.50,16.50,16.06,16.10,122100,13.22
2011-05-10,16.28,16.28,15.79,15.88,149000,13.03
2011-05-11,16.95,16.95,16.32,16.32,334000,13.40
2011-05-12,15.97,16.32,15.88,16.06,159100,13.18
2011-05-13,15.97,16.06,15.70,15.83,48200,13.00
2011-05-16,15.92,16.24,15.83,16.06,146800,13.18
2011-05-17,16.32,16.32,15.61,15.79,195000,12.96
2011-05-18,15.61,15.97,15.61,15.66,118800,12.85
2011-05-19,15.66,15.83,15.61,15.61,132200,12.81
2011-05-20,15.61,15.61,15.43,15.61,36900,12.81
2011-05-23,15.61,15.61,15.16,15.34,85100,12.59
2011-05-24,15.16,15.34,15.08,15.08,98600,12.37
2011-05-25,15.08,15.16,14.81,15.16,282400,12.45
2011-05-26,15.25,16.06,15.21,16.06,322800,13.18
2011-05-27,16.06,17.08,16.06,16.68,674800,13.69
2011-05-30,16.68,17.13,16.41,16.41,776800,13.47
2011-05-31,15.97,16.32,15.08,15.77,895600,12.95
2011-06-01,15.38,15.87,15.28,15.63,430000,12.83
2011-06-02,15.28,15.53,15.23,15.53,124700,12.74
2011-06-03,15.38,15.68,15.03,15.68,269800,12.87
2011-06-07,15.48,15.72,15.48,15.68,80100,12.87
2011-06-08,15.48,15.68,15.48,15.63,62800,12.83
2011-06-09,15.63,15.63,15.28,15.33,107500,12.58
2011-06-10,15.28,15.28,14.89,14.99,165300,12.30
2011-06-13,14.99,15.97,14.99,15.53,556800,12.74
2011-06-14,15.63,15.77,15.18,15.33,839800,12.58
2011-06-15,15.33,15.48,15.18,15.28,286000,12.54
2011-06-16,15.23,15.28,15.23,15.23,167300,12.50
2011-06-17,15.23,15.23,14.79,15.03,334700,12.34
2011-06-20,15.03,15.03,14.49,14.79,149100,12.14
2011-06-21,14.84,14.89,14.79,14.79,109500,12.14
2011-06-22,14.89,14.94,14.79,14.89,168300,12.22
2011-06-23,15.13,15.18,14.79,14.99,190600,12.30
2011-06-24,14.94,14.94,14.79,14.79,149100,12.14
2011-06-27,14.74,14.89,14.59,14.79,247400,12.14
2011-06-28,13.75,14.00,13.75,13.75,2905000,11.29
2011-06-29,13.60,14.25,13.60,14.00,995000,11.49
2011-06-30,14.05,14.15,13.95,14.10,574100,11.57
2011-07-01,14.15,15.08,14.15,15.08,706900,12.38
2011-07-04,16.12,16.12,16.12,16.12,460500,13.23
2011-07-05,17.20,17.20,16.51,17.20,3411100,14.12
2011-07-06,17.40,18.39,17.06,18.39,2578400,15.09
2011-07-07,18.39,19.42,18.14,18.24,2060100,14.97
2011-07-08,18.39,19.22,18.24,18.63,1264800,15.29
2011-07-11,18.63,19.18,18.24,18.53,1247600,15.21
2011-07-12,18.53,19.32,18.53,19.32,1347000,15.86
2011-07-13,19.72,20.65,19.52,20.65,4724700,16.95
2011-07-14,20.80,21.10,19.72,20.01,1926200,16.43
2011-07-15,20.01,21.39,19.87,21.25,2102700,17.44
2011-07-18,21.29,22.48,20.70,21.29,3551100,17.48
2011-07-19,21.29,21.29,20.26,20.80,1291200,17.07
2011-07-20,21.00,21.29,20.51,20.60,846900,16.91
2011-07-21,19.72,20.46,19.32,19.37,1444400,15.90
2011-07-22,19.37,20.70,19.37,20.70,1543800,16.99
2011-07-25,21.20,21.29,20.51,20.70,1071100,16.99
2011-07-26,20.80,20.85,20.16,20.31,422900,16.67
2011-07-27,20.70,21.00,20.36,20.56,739400,16.87
2011-07-28,20.31,21.10,19.47,19.62,646100,16.10
2011-07-29,20.21,20.21,19.62,19.72,670400,16.18
2011-08-01,20.41,20.41,19.82,19.96,462500,16.39
2011-08-02,19.96,20.06,18.98,19.13,706900,15.70
2011-08-03,18.53,19.52,18.53,19.52,497000,16.02
2011-08-04,19.22,19.87,19.22,19.42,254500,15.94
2011-08-05,18.09,18.83,18.09,18.09,948300,14.85
2011-08-08,17.75,17.89,16.86,16.86,730300,13.84
2011-08-09,15.72,16.66,15.72,16.66,836800,13.68
2011-08-10,17.80,17.80,17.25,17.75,615600,14.57
2011-08-11,16.51,17.65,16.51,17.60,432100,14.44
2011-08-12,17.55,18.14,17.55,17.70,294100,14.52
2011-08-15,17.75,18.24,17.45,17.55,184600,14.40
2011-08-16,17.75,18.19,17.55,17.65,217000,14.48
2011-08-17,17.75,17.84,17.40,17.45,130800,14.32
2011-08-18,17.50,17.60,16.76,16.86,257600,13.84
2011-08-19,16.12,16.76,16.07,16.27,238300,13.35
2011-08-22,17.40,17.40,16.56,16.76,130800,13.76
2011-08-23,16.76,17.06,16.76,16.86,75000,13.84
2011-08-24,16.86,17.55,16.86,16.91,87200,13.88
2011-08-25,16.96,17.20,16.27,16.51,127800,13.55
2011-08-26,16.46,16.96,16.46,16.51,176400,13.55
2011-08-29,16.51,17.15,16.51,17.01,144000,13.96
2011-08-30,17.15,17.45,17.15,17.25,103400,14.16
2011-08-31,17.25,18.44,17.15,18.44,501000,15.13
2011-09-01,18.53,18.93,17.40,18.24,618700,14.97
2011-09-02,17.75,18.24,17.75,18.09,76000,14.85
2011-09-05,17.75,17.75,16.86,17.75,151100,14.57
2011-09-06,17.06,17.50,17.06,17.35,64900,14.24
2011-09-07,17.55,17.80,17.06,17.25,88200,14.16
2011-09-08,17.55,17.70,17.25,17.25,48600,14.16
2011-09-09,17.25,17.65,17.06,17.65,61800,14.48
2011-09-13,17.15,17.35,17.06,17.10,35500,14.04
2011-09-14,17.10,17.35,16.86,17.15,111500,14.08
2011-09-15,16.76,17.35,16.76,17.06,22300,14.00
2011-09-16,17.06,17.20,16.76,16.91,123700,13.88
2011-09-19,16.91,16.96,16.56,16.76,106500,13.76
2011-09-20,16.76,17.01,16.27,16.71,126700,13.72
2011-09-21,16.76,17.06,16.56,16.56,112500,13.59
2011-09-22,16.37,16.76,16.27,16.41,71000,13.47
2011-09-23,15.68,16.07,15.68,15.82,158200,12.99
2011-09-26,16.02,16.27,14.99,15.28,303200,12.54
2011-09-27,15.28,15.72,14.59,14.59,204800,11.98
2011-09-28,14.79,15.03,14.79,14.94,259600,12.26
2011-09-29,14.89,15.38,14.69,15.03,230200,12.34
2011-09-30,15.38,15.38,14.94,15.23,45600,12.50
2011-10-03,15.08,16.07,15.08,15.43,96300,12.66
2011-10-04,15.28,15.33,14.89,15.23,89200,12.50
2011-10-05,15.03,15.03,14.59,14.69,145000,12.06
2011-10-06,14.79,15.28,14.79,15.08,72000,12.38
2011-10-07,15.08,15.28,15.08,15.18,65900,12.46
2011-10-11,15.28,15.87,15.28,15.58,147000,12.79
2011-10-12,15.53,15.53,15.28,15.28,43600,12.54
2011-10-13,15.28,15.38,15.13,15.13,73000,12.42
2011-10-14,15.08,15.28,14.99,15.08,124700,12.38
2011-10-17,15.18,15.43,15.18,15.18,41500,12.46
2011-10-18,15.28,15.53,15.18,15.43,78100,12.66
2011-10-19,15.58,15.58,15.23,15.33,39500,12.58
2011-10-20,15.43,15.48,15.28,15.38,35500,12.62
2011-10-21,15.28,15.38,15.23,15.33,47600,12.58
2011-10-24,15.48,15.63,15.38,15.48,77000,12.70
2011-10-25,15.48,15.58,15.28,15.58,117600,12.79
2011-10-26,15.58,15.63,15.38,15.58,71000,12.79
2011-10-27,15.38,15.72,15.38,15.72,145000,12.91
2011-10-28,15.77,15.87,15.63,15.63,38500,12.83
2011-10-31,15.72,16.71,15.63,16.61,181500,13.63
2011-11-01,16.56,16.56,15.97,16.12,136900,13.23
2011-11-02,15.77,16.27,15.77,16.12,90200,13.23
2011-11-03,15.97,16.07,15.87,15.87,27300,13.03
2011-11-04,16.07,16.46,16.07,16.17,136900,13.27
2011-11-07,16.17,16.17,16.02,16.02,28400,13.15
2011-11-08,16.12,16.17,15.92,15.92,51700,13.07
2011-11-09,15.92,16.07,15.87,15.97,40500,13.11
2011-11-10,15.77,15.87,15.48,15.63,81100,12.83
2011-11-11,15.68,15.87,15.58,15.68,36500,12.87
2011-11-14,15.92,15.97,15.77,15.87,46600,13.03
2011-11-15,15.82,15.82,15.38,15.48,75000,12.70
2011-11-16,15.58,15.58,15.33,15.43,34400,12.66
2011-11-17,15.43,15.43,15.18,15.38,125700,12.62
2011-11-18,15.18,15.43,15.18,15.43,13100,12.66
2011-11-21,14.84,15.38,14.69,15.33,97300,12.58
2011-11-22,14.84,15.28,14.30,14.79,292100,12.14
2011-11-23,14.74,14.79,14.49,14.49,114600,11.89
2011-11-24,14.49,14.79,14.34,14.39,46600,11.81
2011-11-25,14.64,14.64,14.15,14.15,29400,11.61
2011-11-28,14.59,14.99,14.44,14.44,4000,11.85
2011-11-29,14.99,14.99,14.59,14.59,15200,11.98
2011-11-30,14.74,14.74,14.49,14.59,35500,11.98
2011-12-01,15.03,15.03,14.64,14.89,32400,12.22
2011-12-02,14.89,14.89,14.69,14.79,24300,12.14
2011-12-05,14.79,14.79,14.59,14.59,9100,11.98
2011-12-06,14.59,14.59,14.30,14.39,40500,11.81
2011-12-07,14.94,14.94,14.39,14.44,24300,11.85
2011-12-08,14.44,14.59,14.30,14.30,68900,11.73
2011-12-09,13.31,14.25,13.31,13.90,18200,11.41
2011-12-12,13.90,14.25,13.65,13.80,40500,11.33
2011-12-13,13.80,13.80,13.70,13.80,32400,11.33
2011-12-14,13.80,14.05,13.56,13.95,15200,11.45
2011-12-15,13.90,13.90,13.70,13.70,41500,11.25
2011-12-16,13.70,13.70,13.31,13.41,135900,11.00
2011-12-19,13.31,13.31,12.47,12.47,201800,10.24
2011-12-20,12.87,12.87,12.47,12.82,43600,10.52
2011-12-21,13.26,13.26,12.52,12.96,270800,10.64
2011-12-22,12.91,13.21,12.91,13.21,24300,10.84
2011-12-23,13.41,13.90,13.36,13.41,33400,11.00
2011-12-26,13.51,13.85,13.31,13.85,37500,11.37
2011-12-27,13.60,13.60,13.60,13.60,12100,11.17
2011-12-28,13.51,13.65,13.36,13.36,17200,10.96
2011-12-29,13.06,13.65,13.06,13.65,16200,11.21
2011-12-30,13.65,13.90,13.31,13.31,25300,10.92
2012-01-02,13.41,14.10,13.41,13.60,21300,11.17
2012-01-03,13.01,13.80,13.01,13.31,40500,10.92
2012-01-04,13.31,13.46,13.01,13.36,47600,10.96
2012-01-05,13.41,13.41,13.26,13.26,7100,10.88
2012-01-06,13.26,13.56,13.11,13.46,15200,11.05
2012-01-09,13.16,13.41,13.06,13.21,33400,10.84
2012-01-10,13.31,13.31,12.91,13.11,49700,10.76
2012-01-11,13.11,13.11,13.01,13.06,55700,10.72
2012-01-12,13.06,13.16,13.01,13.01,64900,10.68
2012-01-13,13.01,13.11,12.82,12.82,62800,10.52
2012-01-16,13.11,13.11,12.82,12.91,52700,10.60
2012-01-17,12.87,13.11,12.82,12.91,280900,10.60
2012-01-18,13.01,13.31,13.01,13.21,147000,10.84
2012-01-19,13.21,13.21,13.21,13.21,000,10.84
2012-01-20,13.21,13.21,13.21,13.21,000,10.84
2012-01-23,13.21,13.21,13.21,13.21,000,10.84
2012-01-24,13.21,13.21,13.21,13.21,000,10.84
2012-01-25,13.21,13.21,13.21,13.21,000,10.84
2012-01-26,13.21,13.21,13.21,13.21,000,10.84
2012-01-27,13.21,13.21,13.21,13.21,000,10.84
2012-01-30,13.56,13.60,13.36,13.56,42600,11.13
2012-01-31,13.56,13.85,13.51,13.80,79100,11.33
2012-02-01,13.80,14.30,13.80,14.30,46600,11.73
2012-02-02,14.30,14.59,14.30,14.54,77000,11.94
2012-02-03,14.39,14.54,13.90,14.25,29400,11.69
2012-02-06,14.30,14.59,14.25,14.59,14200,11.98
2012-02-07,14.34,14.44,14.30,14.44,19200,11.85
2012-02-08,14.49,14.59,14.39,14.54,107500,11.94
2012-02-09,14.69,15.53,14.64,15.53,240300,12.74
2012-02-10,16.07,16.61,15.77,16.61,431000,13.63
2012-02-13,16.56,16.71,16.12,16.51,272800,13.55
2012-02-14,16.41,16.41,15.97,16.37,103400,13.43
2012-02-15,16.37,16.46,16.07,16.17,97300,13.27
2012-02-16,16.22,16.27,15.77,15.77,109500,12.95
2012-02-17,15.38,16.12,15.38,15.87,125700,13.03
2012-02-20,15.87,16.02,15.53,16.02,55700,13.15
2012-02-21,15.97,16.17,15.77,15.82,121700,12.99
2012-02-22,16.02,16.02,15.58,15.92,131800,13.07
2012-02-23,15.92,15.97,15.63,15.63,37500,12.83
2012-02-24,15.68,15.68,15.48,15.48,48600,12.70
2012-02-27,15.48,15.48,15.48,15.48,000,12.70
2012-02-28,15.48,15.48,15.48,15.48,000,12.70
2012-02-29,15.48,15.58,15.43,15.48,318500,12.70
2012-03-01,15.48,15.72,15.43,15.48,146000,12.70
2012-03-02,15.48,15.68,15.48,15.68,178500,12.87
2012-03-05,15.77,16.46,15.77,16.22,287000,13.31
2012-03-06,16.22,16.22,15.68,15.77,107500,12.95
2012-03-07,15.28,15.77,15.28,15.68,92300,12.87
2012-03-08,15.68,15.77,15.23,15.77,179500,12.95
2012-03-09,15.77,16.27,15.53,16.12,144000,13.23
2012-03-12,16.12,16.12,15.68,15.82,71000,12.99
2012-03-13,15.82,15.97,15.68,15.87,56800,13.03
2012-03-14,15.87,16.02,15.68,15.77,162200,12.95
2012-03-15,15.92,15.92,15.72,15.77,66900,12.95
2012-03-16,15.92,15.92,15.68,15.68,104400,12.87
2012-03-19,15.68,16.02,15.63,16.02,98300,13.15
2012-03-20,16.02,16.02,15.68,15.68,84100,12.87
2012-03-21,15.72,15.82,15.72,15.82,102400,12.99
2012-03-22,15.77,15.87,15.68,15.68,90200,12.87
2012-03-23,15.68,15.77,15.58,15.63,88200,12.83
2012-03-26,15.58,15.77,15.58,15.77,55700,12.95
2012-03-27,15.77,16.86,15.77,16.86,868200,13.84
2012-03-28,17.06,17.15,16.46,16.46,893600,13.51
2012-03-29,16.02,16.46,15.33,16.32,371200,13.39
2012-03-30,16.22,16.66,15.97,16.07,211900,13.19
2012-04-02,16.02,16.07,15.72,15.77,42600,12.95
2012-04-03,15.77,15.82,15.53,15.53,287000,12.74
2012-04-04,15.53,15.53,15.53,15.53,000,12.74
2012-04-05,15.48,15.48,15.23,15.23,251500,12.50
2012-04-06,15.28,15.77,15.28,15.77,75000,12.95
2012-04-09,15.58,15.68,15.48,15.58,60800,12.79
2012-04-10,15.87,15.87,15.58,15.72,143000,12.91
2012-04-11,15.58,15.72,15.58,15.72,112500,12.91
2012-04-12,15.68,15.72,15.53,15.72,80100,12.91
2012-04-13,15.68,16.66,15.68,16.12,180500,13.23
2012-04-16,16.02,16.22,15.68,15.87,88200,13.03
2012-04-17,16.37,16.37,15.58,15.77,84100,12.95
2012-04-18,15.72,15.77,15.28,15.63,128800,12.83
2012-04-19,15.48,15.58,15.18,15.48,113600,12.70
2012-04-20,15.43,15.43,15.08,15.28,181500,12.54
2012-04-23,15.23,15.23,15.08,15.08,108500,12.38
2012-04-24,15.18,15.38,15.18,15.28,88200,12.54
2012-04-25,15.28,15.38,15.28,15.38,58800,12.62
2012-04-26,15.33,15.33,15.18,15.18,49700,12.46
2012-04-27,15.28,15.28,14.99,15.18,109500,12.46
2012-04-30,15.18,15.18,14.99,15.13,99400,12.42
2012-05-01,15.13,15.13,15.13,15.13,000,12.42
2012-05-02,15.18,15.33,15.18,15.33,84100,12.58
2012-05-03,15.18,15.33,15.18,15.23,43600,12.50
2012-05-04,15.48,15.53,15.48,15.48,16200,12.70
2012-05-07,15.28,15.97,15.18,15.82,89200,12.99
2012-05-08,15.87,15.87,15.48,15.68,32400,12.87
2012-05-09,15.58,15.72,15.48,15.72,53700,12.91
2012-05-10,15.63,15.68,15.63,15.63,19200,12.83
2012-05-11,15.38,15.48,15.38,15.48,4000,12.70
2012-05-14,15.33,15.33,15.23,15.23,103400,12.50
2012-05-15,15.23,15.38,15.23,15.38,59800,12.62
2012-05-16,15.28,15.28,15.18,15.18,50700,12.46
2012-05-17,15.23,15.48,15.08,15.18,69900,12.46
2012-05-18,15.08,15.28,14.69,14.79,231200,12.14
2012-05-21,14.89,14.94,14.89,14.94,28400,12.26
2012-05-22,14.89,15.18,14.89,15.08,67900,12.38
2012-05-23,14.99,15.08,14.89,15.08,65900,12.38
2012-05-24,15.08,15.08,14.89,15.08,29400,12.38
2012-05-25,14.94,14.99,14.59,14.99,113600,12.30
2012-05-28,14.99,14.99,14.79,14.99,11100,12.30
2012-05-29,14.89,15.08,14.79,15.08,90200,12.38
2012-05-30,14.94,14.99,14.84,14.84,10100,12.18
2012-05-31,14.79,14.94,14.79,14.94,16200,12.26
2012-06-01,14.94,14.94,14.79,14.79,72000,12.14
2012-06-04,14.59,14.79,14.39,14.39,61800,11.81
2012-06-05,14.39,14.69,14.20,14.20,167300,11.65
2012-06-06,14.20,14.20,13.70,14.20,275800,11.65
2012-06-07,14.20,14.30,13.90,14.05,81100,11.53
2012-06-08,14.05,14.64,13.90,14.54,188600,11.94
2012-06-11,13.70,14.20,13.65,13.90,264000,11.41
2012-06-12,13.80,14.15,13.60,13.60,210000,11.16
2012-06-13,13.60,13.60,13.35,13.45,63000,11.04
2012-06-14,13.45,13.45,13.00,13.10,156000,10.75
2012-06-15,13.00,13.40,13.00,13.25,319000,10.88
2012-06-18,13.30,13.65,13.25,13.35,391000,10.96
2012-06-19,13.35,13.35,13.15,13.20,284000,10.83
2012-06-20,13.20,13.35,13.00,13.25,485000,10.88
2012-06-21,13.25,13.30,13.15,13.15,232000,10.79
2012-06-22,13.00,13.15,13.00,13.15,446000,10.79
2012-06-25,13.15,13.30,13.15,13.20,520000,10.83
2012-06-26,13.20,13.35,13.20,13.30,189000,10.92
2012-06-27,13.30,13.30,13.20,13.25,85000,10.88
2012-06-28,13.20,13.20,13.00,13.10,119000,10.75
2012-06-29,13.05,13.20,13.00,13.10,683000,10.75
2012-07-02,13.00,13.65,12.85,13.25,2585000,10.88
2012-07-03,13.25,13.40,13.20,13.30,597000,10.92
2012-07-04,13.30,13.30,13.05,13.05,386000,10.71
2012-07-05,13.05,13.15,13.05,13.15,251000,10.79
2012-07-06,13.15,13.20,13.05,13.15,311000,10.79
2012-07-09,13.10,13.20,13.00,13.10,168000,10.75
2012-07-10,13.15,13.50,13.05,13.25,188000,10.88
2012-07-11,13.50,14.15,13.40,14.15,589000,11.61
2012-07-12,14.60,15.00,14.35,14.70,1479000,12.07
2012-07-13,14.70,15.10,14.50,14.70,599000,12.07
2012-07-16,15.00,15.00,14.20,14.25,489000,11.70
2012-07-17,14.00,14.50,14.00,14.05,325000,11.53
2012-07-18,14.45,14.85,14.15,14.20,313000,11.66
2012-07-19,14.35,14.35,14.15,14.15,191000,11.61
2012-07-20,14.40,14.50,14.15,14.15,192000,11.61
2012-07-23,14.15,14.20,13.85,13.95,133000,11.45
2012-07-24,13.90,13.90,13.30,13.75,340000,11.29
2012-07-25,13.65,14.00,13.55,13.75,164000,11.29
2012-07-26,13.80,13.90,13.45,13.60,223000,11.16
2012-07-27,13.90,13.90,13.50,13.50,113000,11.08
2012-07-30,13.50,13.70,13.50,13.55,114000,11.12
2012-07-31,13.60,13.95,13.60,13.95,173000,11.45
2012-08-01,13.70,13.90,13.70,13.85,79000,11.37
2012-08-03,13.80,13.80,13.55,13.75,109000,11.29
2012-08-06,13.90,13.90,13.55,13.65,124000,11.20
2012-08-07,13.65,13.75,13.40,13.40,107000,11.00
2012-08-08,13.50,14.30,13.45,14.05,457000,11.53
2012-08-09,14.20,14.20,13.90,14.00,81000,11.49
2012-08-10,14.00,14.15,13.80,13.80,114000,11.33
2012-08-13,13.95,14.15,13.90,14.00,132000,11.49
2012-08-14,14.10,14.45,14.05,14.30,264000,11.74
2012-08-15,14.30,14.30,13.90,13.95,183000,11.45
2012-08-16,14.00,14.20,13.95,14.20,173000,11.66
2012-08-17,14.20,14.30,14.05,14.05,359000,11.53
2012-08-20,14.15,14.15,13.95,14.00,76000,11.49
2012-08-21,14.00,14.10,13.90,13.90,122000,11.41
2012-08-22,14.00,14.80,13.95,14.75,543000,12.11
2012-08-23,14.75,15.00,14.55,14.60,377000,11.98
2012-08-24,14.80,14.90,14.65,14.70,250000,12.07
2012-08-27,14.95,15.70,14.80,15.05,3309000,12.35
2012-08-28,15.20,16.00,15.15,15.95,2256000,13.09
2012-08-29,15.90,16.50,15.30,16.30,2771000,13.38
2012-08-30,16.20,16.45,16.00,16.25,1208000,13.34
2012-08-31,16.25,16.40,16.05,16.35,996000,13.42
2012-09-03,16.45,17.45,16.45,17.20,2891000,14.12
2012-09-04,17.90,17.90,17.00,17.05,1723000,13.99
2012-09-05,17.00,17.50,17.00,17.30,1705000,14.20
2012-09-06,17.45,17.60,16.80,16.95,1378000,13.91
2012-09-07,17.60,18.10,17.30,17.65,3362000,14.49
2012-09-10,17.65,17.75,17.35,17.45,1237000,14.32
2012-09-11,17.75,18.30,17.65,18.00,2506000,14.77
2012-09-12,18.00,18.40,17.70,17.70,1628000,14.53
2012-09-13,17.70,17.75,17.00,17.30,1535000,14.20
2012-09-14,17.60,18.20,17.10,17.30,1745000,14.20
2012-09-17,17.60,17.60,17.20,17.20,727000,14.12
2012-09-18,17.20,17.40,17.10,17.15,447000,14.08
2012-09-19,17.10,17.50,17.00,17.30,809000,14.20
2012-09-20,17.35,17.45,17.25,17.25,326000,14.16
2012-09-21,17.30,17.70,17.30,17.40,475000,14.28
2012-09-24,17.45,17.70,17.20,17.55,569000,14.40
2012-09-25,17.55,18.20,17.50,17.70,1922000,14.53
2012-09-26,17.65,18.00,17.40,18.00,899000,14.77
2012-09-27,18.00,18.20,17.80,18.00,962000,14.77
2012-09-28,18.00,18.35,17.80,17.95,1618000,14.73
2012-10-01,17.80,18.60,17.60,18.30,2145000,15.02
2012-10-02,18.60,18.60,17.75,17.75,1152000,14.57
2012-10-03,17.65,17.70,17.45,17.45,534000,14.32
2012-10-04,17.55,17.55,17.15,17.45,547000,14.32
2012-10-05,17.45,17.90,17.45,17.85,828000,14.65
2012-10-08,18.00,18.10,17.65,17.80,552000,14.61
2012-10-09,18.00,18.00,17.50,17.50,327000,14.36
2012-10-10,17.50,17.50,17.50,17.50,000,14.36
2012-10-11,17.40,17.60,17.25,17.35,303000,14.24
2012-10-12,17.35,17.40,17.20,17.20,276000,14.12
2012-10-15,17.10,17.20,16.80,17.20,773000,14.12
2012-10-16,17.50,17.85,17.25,17.60,677000,14.45
2012-10-17,17.85,17.95,17.40,17.70,743000,14.53
2012-10-18,17.80,17.80,17.40,17.60,275000,14.45
2012-10-19,17.60,17.60,17.35,17.35,151000,14.24
2012-10-22,17.00,17.40,17.00,17.40,118000,14.28
2012-10-23,17.40,17.50,17.20,17.40,177000,14.28
2012-10-24,17.30,17.40,16.90,17.10,311000,14.04
2012-10-25,16.90,17.25,16.80,17.10,702000,14.04
2012-10-26,17.75,18.25,17.10,17.40,1089000,14.28
2012-10-29,17.80,17.80,17.00,17.00,582000,13.95
2012-10-30,17.50,17.55,17.00,17.05,506000,13.99
2012-10-31,17.05,17.20,16.95,16.95,183000,13.91
2012-11-01,16.95,17.20,16.85,17.00,416000,13.95
2012-11-02,17.30,17.40,17.05,17.30,352000,14.20
2012-11-05,17.25,17.30,16.95,17.00,154000,13.95
2012-11-06,17.05,17.15,16.95,17.05,244000,13.99
2012-11-07,17.05,17.30,17.05,17.10,239000,14.04
2012-11-08,17.30,17.55,17.25,17.45,655000,14.32
2012-11-09,17.45,17.75,17.35,17.50,580000,14.36
2012-11-12,17.50,17.70,17.40,17.50,394000,14.36
2012-11-13,17.50,17.75,17.40,17.60,556000,14.45
2012-11-14,17.60,17.70,17.50,17.50,345000,14.36
2012-11-15,17.50,17.50,17.25,17.50,334000,14.36
2012-11-16,17.50,17.55,17.25,17.25,245000,14.16
2012-11-19,17.30,17.40,17.00,17.00,175000,13.95
2012-11-20,17.30,17.40,16.95,17.20,401000,14.12
2012-11-21,17.25,17.35,16.95,16.95,307000,13.91
2012-11-22,17.25,17.25,16.90,16.90,142000,13.87
2012-11-23,17.00,17.30,17.00,17.30,420000,14.20
2012-11-26,17.30,17.50,17.30,17.30,353000,14.20
2012-11-27,17.30,17.65,17.10,17.10,593000,14.04
2012-11-28,17.10,17.40,17.00,17.30,328000,14.20
2012-11-29,17.30,17.40,17.20,17.20,333000,14.12
2012-11-30,17.50,18.00,17.45,17.80,1771000,14.61
2012-12-03,17.85,18.20,17.70,17.80,824000,14.61
2012-12-04,17.75,17.95,17.60,17.95,601000,14.73
2012-12-05,17.90,17.95,17.75,17.80,279000,14.61
2012-12-06,17.80,18.20,17.80,18.10,1067000,14.86
2012-12-07,18.30,18.60,18.20,18.20,916000,14.94
2012-12-10,18.40,18.45,17.90,18.10,660000,14.86
2012-12-11,18.10,18.40,17.90,18.00,245000,14.77
2012-12-12,18.00,18.30,17.95,18.00,894000,14.77
2012-12-13,18.00,18.30,17.95,17.95,559000,14.73
2012-12-14,18.00,18.20,18.00,18.00,472000,14.77
2012-12-17,18.00,18.15,17.95,18.00,352000,14.77
2012-12-18,18.05,18.15,18.00,18.10,458000,14.86
2012-12-19,18.30,19.35,18.30,19.30,3512000,15.84
2012-12-20,19.20,19.40,19.10,19.35,1855000,15.88
2012-12-21,19.50,20.30,19.20,19.20,3533000,15.76
2012-12-24,18.70,19.10,18.50,18.60,1067000,15.27
2012-12-25,18.70,19.00,18.70,18.80,876000,15.43
2012-12-26,18.80,19.50,18.80,18.90,1014000,15.51
2012-12-27,18.95,19.15,18.90,18.90,457000,15.51
2012-12-28,19.10,19.15,18.75,18.85,629000,15.47
2012-12-31,18.85,18.85,18.85,18.85,000,15.47
2013-01-01,18.85,18.85,18.85,18.85,000,15.47
2013-01-02,19.00,19.05,18.80,19.05,491000,15.64
2013-01-03,19.10,19.20,18.95,18.95,639000,15.55
2013-01-04,19.00,19.10,18.95,19.10,484000,15.68
2013-01-07,19.10,19.80,19.10,19.50,1403000,16.01
2013-01-08,19.55,19.55,19.20,19.25,515000,15.80
2013-01-09,19.45,20.20,19.45,19.90,2830000,16.33
2013-01-10,20.00,20.30,19.70,19.90,1788000,16.33
2013-01-11,19.90,20.10,19.70,19.70,865000,16.17
2013-01-14,19.50,19.95,19.50,19.70,555000,16.17
2013-01-15,19.60,19.95,19.35,19.40,687000,15.92
2013-01-16,19.25,19.45,19.15,19.15,584000,15.72
2013-01-17,19.15,19.45,18.35,18.45,1123000,15.14
2013-01-18,18.60,18.70,18.50,18.55,593000,15.23
2013-01-21,18.60,18.60,18.30,18.40,479000,15.10
2013-01-22,18.45,18.95,18.45,18.85,500000,15.47
2013-01-23,19.50,19.80,19.35,19.40,1806000,15.92
2013-01-24,19.30,19.60,19.10,19.25,657000,15.80
2013-01-25,19.15,19.15,18.90,19.00,542000,15.59
2013-01-28,19.00,19.40,19.00,19.10,218000,15.68
2013-01-29,19.00,19.20,19.00,19.10,363000,15.68
2013-01-30,19.10,19.40,19.10,19.25,336000,15.80
2013-01-31,19.25,19.40,19.05,19.20,423000,15.76
2013-02-01,19.20,19.25,19.10,19.25,244000,15.80
2013-02-04,19.25,19.35,19.10,19.20,573000,15.76
2013-02-05,19.05,19.20,19.05,19.10,170000,15.68
2013-02-06,19.20,19.65,19.15,19.25,942000,15.80
2013-02-07,19.25,19.25,19.25,19.25,000,15.80
2013-02-08,19.25,19.25,19.25,19.25,000,15.80
2013-02-11,19.25,19.25,19.25,19.25,000,15.80
2013-02-12,19.25,19.25,19.25,19.25,000,15.80
2013-02-13,19.25,19.25,19.25,19.25,000,15.80
2013-02-14,19.25,19.25,19.25,19.25,000,15.80
2013-02-15,19.25,19.25,19.25,19.25,000,15.80
2013-02-18,19.60,20.25,19.60,19.85,1966000,16.29
2013-02-19,19.90,20.00,19.60,19.70,1142000,16.17
2013-02-20,19.75,19.90,19.50,19.90,837000,16.33
2013-02-21,19.95,20.00,19.55,19.55,691000,16.05
2013-02-22,19.75,20.10,19.50,19.60,1678000,16.09
2013-02-25,19.90,19.90,19.60,19.60,653000,16.09
2013-02-26,19.60,19.75,19.50,19.55,321000,16.05
2013-02-27,19.60,19.65,19.50,19.55,386000,16.05
2013-02-28,19.55,19.55,19.55,19.55,000,16.05
2013-03-01,19.60,19.80,19.60,19.75,490000,16.21
2013-03-04,19.95,19.95,19.55,19.60,842000,16.09
2013-03-05,19.70,19.85,19.65,19.80,396000,16.25
2013-03-06,19.95,20.10,19.55,19.90,1051000,16.33
2013-03-07,19.90,20.00,19.70,19.80,596000,16.25
2013-03-08,19.80,19.90,19.60,19.75,521000,16.21
2013-03-11,19.95,20.00,19.80,19.85,511000,16.29
2013-03-12,19.90,20.00,19.75,19.75,652125000,16.21
2013-03-13,19.75,19.90,19.70,19.75,280000,16.21
2013-03-14,21.10,21.10,20.55,21.10,3377150000,17.32
2013-03-15,21.80,21.80,21.10,21.20,3696156000,17.40
2013-03-18,21.20,22.60,21.20,22.25,5791323200,18.26
2013-03-19,22.25,23.05,22.00,22.40,4211130000,18.39
2013-03-20,22.40,22.40,21.80,22.00,2443100000,18.06
2013-03-21,22.10,22.45,21.90,22.05,2099000,18.10
2013-03-22,22.05,22.45,22.00,22.00,1535604000,18.06
2013-03-25,22.10,22.30,22.05,22.30,1496320000,18.30
2013-03-26,22.25,22.30,22.00,22.30,701060000,18.30
2013-03-27,22.30,22.80,22.20,22.40,1586700000,18.39
2013-03-28,22.40,22.60,22.35,22.40,852871000,18.39
2013-03-29,22.40,23.85,22.40,23.50,3978159200,19.29
2013-04-01,23.50,24.10,23.25,23.30,3394287200,19.12
2013-04-02,23.30,23.80,23.20,23.55,1344636000,19.33
2013-04-03,24.10,25.15,24.10,24.50,7305000,20.11
2013-04-04,23.55,23.55,23.55,23.55,000,19.33
2013-04-05,23.55,23.55,23.55,23.55,000,19.33
2013-04-08,24.00,24.30,23.00,23.30,3722600000,19.12
2013-04-09,23.50,23.75,23.20,23.30,2277135000,19.12
2013-04-10,24.35,24.70,23.90,24.40,4558506000,20.03
2013-04-11,25.00,25.50,24.60,24.90,5050406000,20.44
2013-04-12,25.10,25.20,24.60,24.80,2458202000,20.36
2013-04-15,24.80,25.30,24.65,25.10,2290200000,20.60
2013-04-16,24.80,25.10,24.60,25.10,1457000000,20.60
2013-04-17,25.10,25.90,25.10,25.60,3184239000,21.01
2013-04-18,25.60,26.45,25.45,26.10,3057303000,21.42
2013-04-19,26.10,26.75,26.10,26.45,2881500000,21.71
2013-04-22,26.50,26.90,26.45,26.55,1856734000,21.79
2013-04-23,26.60,26.70,25.50,25.90,2883790000,21.26
2013-04-24,26.00,26.35,25.75,26.00,1800240000,21.34
2013-04-25,25.70,26.20,25.65,26.05,1502400000,21.38
2013-04-26,26.15,27.30,26.10,26.80,5720038000,22.00
2013-04-29,27.00,27.40,26.50,26.65,2800780000,21.87
2013-04-30,26.75,27.10,26.50,26.60,1483131000,21.83
2013-05-01,26.60,26.60,26.60,26.60,000,21.83
2013-05-02,26.60,27.20,26.35,26.35,2339118000,21.63
2013-05-03,26.50,26.50,25.85,25.85,2782240000,21.22
2013-05-06,25.95,26.35,25.90,26.20,1840235000,21.50
2013-05-07,26.60,26.60,26.30,26.30,941453000,21.59
2013-05-08,26.40,26.50,25.95,26.00,1394205000,21.34
2013-05-09,26.50,27.50,26.40,27.20,5333574000,22.33
2013-05-10,27.20,27.35,26.70,26.80,2616901000,22.00
2013-05-13,26.90,27.20,26.60,27.05,2350400000,22.20
2013-05-14,27.15,27.15,26.55,26.55,2316200000,21.79
2013-05-15,26.60,26.90,26.55,26.60,1388300000,21.83
2013-05-16,26.80,27.00,26.65,26.80,1846110000,22.00
2013-05-17,26.95,27.10,26.65,26.80,1064000000,22.00
2013-05-20,26.80,27.00,26.70,26.85,1445552000,22.04
2013-05-21,26.90,27.75,26.75,27.35,3835040000,22.45
2013-05-22,27.50,27.80,26.85,26.90,2315261000,22.08
2013-05-23,26.70,26.85,26.30,26.30,2156420000,21.59
2013-05-24,26.30,26.50,25.50,25.70,2131781000,21.09
2013-05-27,25.70,26.05,25.70,25.85,721700000,21.22
2013-05-28,25.85,26.05,25.80,25.80,636214000,21.18
2013-05-29,26.00,26.25,25.85,26.05,1100516000,21.38
2013-05-30,26.00,26.05,25.80,25.85,723262000,21.22
2013-05-31,25.90,26.20,25.90,26.15,885301000,21.46
2013-06-03,26.00,26.90,25.90,26.75,2056727000,21.96
2013-06-04,26.90,26.90,26.40,26.40,904886000,21.67
2013-06-05,26.40,26.85,26.15,26.75,1543200000,21.96
2013-06-06,26.70,26.85,26.40,26.80,1303050000,22.00
2013-06-07,26.90,28.20,26.85,27.20,5028539200,22.33
2013-06-10,28.00,28.25,27.65,27.90,3894650000,22.90
2013-06-11,28.10,28.10,27.45,27.60,1753000000,22.65
2013-06-12,27.60,27.60,27.60,27.60,000,22.65
2013-06-13,27.50,27.50,26.85,27.05,1649200000,22.20
2013-06-14,27.30,27.30,26.00,26.20,2146950000,21.50
2013-06-17,26.20,26.55,26.20,26.45,804600000,21.71
2013-06-18,26.80,26.80,26.50,26.70,744912000,21.91
2013-06-19,26.60,26.95,26.60,26.65,818481000,21.87
2013-06-20,26.50,26.50,26.10,26.20,869200000,21.50
2013-06-21,25.80,26.05,25.60,25.90,870630000,21.26
2013-06-24,26.30,26.60,25.95,26.30,818080000,21.59
2013-06-25,26.50,26.60,25.90,26.00,1114000000,21.34
2013-06-26,26.30,26.60,26.25,26.50,772032000,21.75
2013-06-27,26.75,26.75,26.40,26.55,557100000,21.79
2013-06-28,26.75,27.00,26.55,26.80,892200000,22.00
2013-07-01,27.20,27.20,26.90,27.00,556126000,22.16
2013-07-02,27.15,27.20,26.85,26.90,733256000,22.08
2013-07-03,26.90,27.30,26.85,26.90,1015000000,22.08
2013-07-04,27.20,27.20,26.90,26.95,762000000,22.12
2013-07-05,27.00,27.20,26.90,26.95,580000000,22.12
2013-07-08,27.20,27.75,27.10,27.45,1638600000,22.53
2013-07-09,27.55,27.80,27.55,27.60,700188000,22.65
2013-07-10,27.60,27.60,26.80,27.10,1752050000,22.24
2013-07-11,27.15,27.30,27.00,27.05,1010400000,22.20
2013-07-12,27.05,27.35,27.05,27.10,890000000,22.24
2013-07-15,27.30,27.30,27.05,27.25,889350000,22.37
2013-07-16,27.45,28.25,27.30,28.10,2343351000,23.06
2013-07-17,28.10,28.80,27.90,28.60,2988991000,23.47
2013-07-18,28.85,29.50,28.85,27.32,5521512800,22.42
2013-07-19,27.70,28.10,26.80,26.85,3447402000,23.86
2013-07-22,26.85,26.90,26.25,26.40,1539400000,23.46
2013-07-23,26.40,26.80,26.30,26.40,1193300000,23.46
2013-07-24,26.70,26.70,26.50,26.70,865400000,23.72
2013-07-25,26.75,27.55,26.65,27.25,1490630000,24.21
2013-07-26,27.30,27.30,26.90,26.90,1014300000,23.90
2013-07-29,26.90,26.90,26.40,26.40,933000000,23.46
2013-07-30,26.50,26.75,26.45,26.50,451200000,23.55
2013-07-31,26.50,26.55,26.30,26.35,640930000,23.41
2013-08-01,26.40,26.50,26.35,26.50,424175000,23.55
2013-08-02,26.55,26.70,26.35,26.50,560324000,23.55
2013-08-05,26.50,28.20,26.45,28.20,2947122000,25.06
2013-08-06,28.40,28.40,27.60,27.75,2095389000,24.66
2013-08-07,27.50,27.70,27.00,27.10,1628120000,24.08
2013-08-08,27.25,27.80,27.20,27.50,1193500000,24.44
2013-08-09,27.75,27.75,27.40,27.50,736007000,24.44
2013-08-12,27.55,27.55,26.80,26.90,1664900000,23.90
2013-08-13,26.90,27.35,26.90,27.20,623100000,24.17
2013-08-14,27.30,27.30,26.80,26.80,1364298000,23.81
2013-08-15,26.80,27.10,26.60,27.05,692000000,24.04
2013-08-16,27.00,27.30,26.70,27.00,653200000,23.99
2013-08-19,27.60,27.85,27.10,27.80,1349768000,24.70
2013-08-20,27.40,27.70,26.60,26.60,1713030000,23.64
2013-08-21,26.60,26.60,26.60,26.60,000,23.64
2013-08-22,26.00,27.10,26.00,26.70,688000000,23.72
2013-08-23,27.00,27.35,26.90,26.90,379001000,23.90
2013-08-26,26.95,27.00,26.40,26.60,456000000,23.64
2013-08-27,26.60,26.70,26.40,26.50,561000000,23.55
2013-08-28,26.00,26.45,26.00,26.40,755000000,23.46
2013-08-29,26.40,26.60,26.40,26.40,339050000,23.46
2013-08-30,26.60,26.70,26.40,26.55,441000000,23.59
2013-09-02,26.70,27.20,26.65,27.15,714312000,24.12
2013-09-03,27.20,27.40,26.90,27.10,770251000,24.08
2013-09-04,27.10,27.10,26.75,26.80,512362000,23.81
2013-09-05,26.80,27.10,26.80,27.05,477000000,24.04
2013-09-06,26.90,27.10,26.85,26.90,533050000,23.90
2013-09-09,26.80,26.90,26.60,26.90,348050000,23.90
2013-09-10,27.85,28.70,27.70,28.20,5462904000,25.06
2013-09-11,28.50,28.80,28.00,28.35,1563537000,25.19
2013-09-12,28.50,29.25,28.40,29.00,2719756000,25.77
2013-09-13,29.20,29.95,29.20,29.35,2618823000,26.08
2013-09-16,29.35,29.35,29.35,29.35,000,26.08
2013-09-17,32.20,32.20,30.45,30.50,3366000,27.10
2013-09-18,30.60,30.90,30.15,30.30,1537000,26.92
2013-09-20,30.30,30.30,30.30,30.30,000,26.92
2013-09-23,30.40,30.90,30.20,30.30,1344000,26.92
2013-09-24,30.40,30.80,30.05,30.05,1058000,26.70
2013-09-25,30.10,30.40,29.90,30.00,1124000,26.66
2013-09-26,30.10,30.45,29.75,29.75,1062000,26.44
2013-09-27,29.75,29.75,28.50,28.95,1894000,25.72
2013-09-30,29.00,29.60,28.65,29.55,1035000,26.26
2013-10-01,29.70,29.70,29.00,29.25,569000,25.99
2013-10-02,29.35,30.00,29.35,29.65,801000,26.35
2013-10-03,29.90,30.00,29.60,29.95,1048000,26.61
2013-10-04,30.05,30.50,30.00,30.10,896000,26.75
2013-10-07,30.20,30.65,30.10,30.10,870000,26.75
2013-10-08,30.40,30.40,29.85,29.95,605000,26.61
2013-10-09,30.10,30.25,30.00,30.10,606000,26.75
2013-10-10,30.10,30.10,30.10,30.10,000,26.75
2013-10-11,30.90,30.90,30.20,30.30,774000,26.92
2013-10-14,30.30,30.30,29.95,30.05,546000,26.70
2013-10-15,30.20,30.40,29.90,29.95,522000,26.61
2013-10-16,29.95,30.15,29.65,29.95,518000,26.61
2013-10-17,29.95,30.10,29.70,29.95,607000,26.61
2013-10-18,30.00,30.00,29.75,29.95,484000,26.61
2013-10-21,30.00,30.65,29.80,30.55,914000,27.15
2013-10-22,30.80,31.20,30.75,30.75,1058000,27.32
2013-10-23,30.85,30.90,30.50,30.50,382000,27.10
2013-10-24,30.80,30.85,30.45,30.85,331000,27.41
2013-10-25,31.10,31.10,30.70,30.75,513000,27.32
2013-10-28,31.00,31.50,30.70,31.50,776000,27.99
2013-10-29,31.50,31.65,31.05,31.05,828000,27.59
2013-10-30,31.05,31.20,30.80,30.85,808000,27.41
2013-10-31,30.80,30.80,30.35,30.35,634000,26.97
2013-11-01,30.35,30.55,29.80,29.90,697000,26.57
2013-11-04,29.90,30.25,29.55,30.15,481000,26.79
2013-11-05,30.05,30.10,29.60,29.60,466000,26.30
2013-11-06,29.60,29.65,29.40,29.50,542000,26.21
2013-11-07,29.60,29.90,29.60,29.80,239000,26.48
2013-11-08,29.95,30.30,29.80,30.00,291000,26.66
2013-11-11,30.00,30.15,29.70,29.75,356000,26.44
2013-11-12,29.60,30.00,29.25,29.85,593000,26.52
2013-11-13,30.00,30.50,29.85,29.90,1031000,26.57
2013-11-14,30.40,30.80,30.20,30.40,1820000,27.01
2013-11-15,30.80,31.15,30.45,30.50,1288000,27.10
2013-11-18,30.90,31.00,30.45,30.55,759000,27.15
2013-11-19,30.55,30.70,30.40,30.60,555000,27.19
2013-11-20,30.70,31.35,30.65,31.30,1971000,27.81
2013-11-21,31.45,31.50,30.75,30.80,876000,27.37
2013-11-22,30.90,31.40,30.80,30.80,719000,27.37
2013-11-25,31.50,31.50,31.00,31.10,680000,27.63
2013-11-26,31.00,31.30,31.00,31.20,499000,27.72
2013-11-27,31.20,31.30,30.85,30.90,702000,27.46
2013-11-28,30.70,31.10,30.70,30.75,657000,27.32
2013-11-29,30.90,30.95,30.60,30.80,678000,27.37
2013-12-02,30.80,30.95,30.70,30.80,474000,27.37
2013-12-03,30.90,30.90,30.65,30.70,442000,27.28
2013-12-04,30.80,30.85,30.65,30.70,353000,27.28
2013-12-05,30.70,30.80,30.20,30.40,680000,27.01
2013-12-06,30.40,30.40,29.90,30.00,1440000,26.66
2013-12-09,30.00,30.40,30.00,30.05,494000,26.70
2013-12-10,30.50,30.55,30.30,30.35,423000,26.97
2013-12-11,30.35,30.50,30.10,30.15,537000,26.79
2013-12-12,30.15,30.35,29.95,30.00,480000,26.66
2013-12-13,30.00,30.50,30.00,30.25,365000,26.88
2013-12-16,30.25,30.25,29.90,29.90,373000,26.57
2013-12-17,29.90,30.10,29.85,30.05,341000,26.70
2013-12-18,29.95,30.05,29.85,29.85,270000,26.52
2013-12-19,29.90,30.10,29.80,29.80,296000,26.48
2013-12-20,29.80,29.90,29.70,29.80,160000,26.48
2013-12-23,29.80,30.00,29.80,29.80,219000,26.48
2013-12-24,29.80,29.85,29.70,29.80,244000,26.48
2013-12-25,29.70,29.90,29.70,29.70,388000,26.39
2013-12-26,29.70,29.90,29.70,29.80,362000,26.48
2013-12-27,29.90,29.90,29.70,29.70,396000,26.39
2013-12-30,29.80,30.20,29.80,29.90,452000,26.57
2013-12-31,30.00,30.00,29.80,29.80,291000,26.48
2014-01-01,29.80,29.80,29.80,29.80,000,26.48
2014-01-02,29.90,30.40,29.90,30.25,532000,26.88
2014-01-03,30.50,30.50,30.00,30.10,432000,26.75
2014-01-06,30.30,30.30,29.10,29.40,724000,26.12
2014-01-07,29.40,29.40,29.15,29.35,508000,26.08
2014-01-08,29.40,29.60,29.35,29.55,307000,26.26
2014-01-09,29.60,29.60,29.20,29.45,547000,26.17
2014-01-10,29.50,29.55,29.40,29.45,335000,26.17
2014-01-13,29.30,29.30,28.60,28.70,1121000,25.50
2014-01-14,28.70,28.70,27.95,28.15,1268000,25.01
2014-01-15,28.15,28.40,28.00,28.20,411000,25.06
2014-01-16,28.20,28.40,28.10,28.20,416000,25.06
2014-01-17,28.20,28.35,28.10,28.20,185000,25.06
2014-01-20,28.15,28.75,28.15,28.75,760000,25.55
2014-01-21,28.80,28.80,28.60,28.80,209000,25.59
2014-01-22,28.80,28.90,28.70,28.70,296000,25.50
2014-01-23,28.80,28.90,28.60,28.60,253000,25.41
2014-01-24,28.50,28.50,28.10,28.20,470000,25.06
2014-01-27,28.20,28.20,27.60,27.95,449000,24.84
2014-01-28,27.95,27.95,27.95,27.95,000,24.84
2014-01-29,27.95,27.95,27.95,27.95,000,24.84
2014-01-30,27.95,27.95,27.95,27.95,000,24.84
2014-01-31,27.95,27.95,27.95,27.95,000,24.84
2014-02-03,27.95,27.95,27.95,27.95,000,24.84
2014-02-05,27.90,28.35,27.65,28.35,345000,25.19
2014-02-06,28.35,28.65,28.35,28.65,515000,25.46
2014-02-07,28.75,28.85,28.50,28.55,456000,25.37
2014-02-10,28.50,28.55,28.25,28.40,893000,25.24
2014-02-11,28.40,28.50,28.20,28.25,473000,25.10
2014-02-12,28.40,28.55,28.20,28.50,511000,25.32
2014-02-13,28.50,28.50,28.20,28.20,357000,25.06
2014-02-14,28.20,28.45,28.10,28.20,183000,25.06
2014-02-17,28.20,28.25,28.05,28.10,209000,24.97
2014-02-18,28.35,28.35,28.05,28.10,269000,24.97
2014-02-19,28.15,28.65,28.10,28.60,1012000,25.41
2014-02-20,28.60,28.70,28.40,28.60,326000,25.41
2014-02-21,28.60,28.95,28.60,28.65,383000,25.46
2014-02-24,28.60,28.60,28.30,28.40,344000,25.24
2014-02-25,28.45,28.90,28.30,28.55,460000,25.37
2014-02-26,28.70,28.70,28.25,28.30,361000,25.15
2014-02-27,28.35,29.10,28.35,28.65,904000,25.46
2014-02-28,28.65,28.65,28.65,28.65,000,25.46
2014-03-03,28.75,28.75,28.50,28.60,324000,25.41
2014-03-04,28.50,29.20,28.40,28.80,448000,25.59
2014-03-05,28.85,28.85,28.55,28.60,359000,25.41
2014-03-06,28.60,28.80,28.45,28.50,368000,25.32
2014-03-07,28.45,28.70,28.30,28.35,369000,25.19
2014-03-10,28.50,28.70,28.40,28.55,259000,25.37
2014-03-11,28.60,28.70,28.55,28.60,344000,25.41
2014-03-12,28.65,28.80,28.55,28.70,218000,25.50
2014-03-13,28.80,28.80,28.65,28.75,465000,25.55
2014-03-14,28.75,28.85,28.65,28.70,302000,25.50
2014-03-17,28.80,28.85,28.60,28.70,332000,25.50
2014-03-18,28.80,28.90,28.70,28.70,407000,25.50
2014-03-19,28.75,28.75,28.50,28.50,351000,25.32
2014-03-20,28.45,28.70,28.10,28.55,908000,25.37
2014-03-21,28.55,28.85,28.10,28.20,803000,25.06
2014-03-24,28.45,28.45,28.10,28.25,303000,25.10
2014-03-25,28.25,28.60,28.25,28.60,364000,25.41
2014-03-26,28.75,28.80,28.20,28.30,1519000,25.15
2014-03-27,28.65,28.65,28.00,28.00,1056000,24.88
2014-03-28,28.30,28.40,28.10,28.15,521000,25.01
2014-03-31,28.25,28.45,28.20,28.35,481000,25.19
2014-04-01,28.35,28.50,28.20,28.35,334000,25.19
2014-04-02,28.45,28.50,28.20,28.30,697000,25.15
2014-04-03,28.30,28.50,28.20,28.30,569000,25.15
2014-04-04,28.30,28.30,28.30,28.30,000,25.15
2014-04-07,28.30,28.55,28.30,28.40,556000,25.24
2014-04-08,28.50,28.55,28.40,28.40,480000,25.24
2014-04-09,28.40,28.50,28.30,28.35,448000,25.19
2014-04-10,28.50,28.55,28.25,28.35,519000,25.19
2014-04-11,28.15,28.25,27.85,28.00,1099000,24.88
2014-04-14,28.00,28.10,27.60,27.75,464000,24.66
2014-04-15,27.75,27.85,27.60,27.80,303000,24.70
2014-04-16,27.80,27.80,27.65,27.75,432000,24.66
2014-04-17,27.85,28.10,27.80,28.05,294000,24.92
2014-04-18,28.10,28.10,27.85,27.85,166000,24.75
2014-04-21,28.00,28.00,27.55,27.60,304000,24.52
2014-04-22,27.60,27.60,27.30,27.35,790000,24.30
2014-04-23,27.35,27.35,26.40,26.55,1633000,23.59
2014-04-24,26.15,26.55,26.15,26.25,484000,23.33
2014-04-25,26.25,26.75,25.85,26.35,898000,23.41
2014-04-28,26.00,26.55,25.80,26.35,327000,23.41
2014-04-29,26.35,26.50,26.25,26.40,172000,23.46
2014-04-30,26.40,26.45,25.95,26.00,249000,23.10
2014-05-01,26.00,26.00,26.00,26.00,000,23.10
2014-05-02,26.00,26.15,25.95,25.95,230000,23.06
2014-05-05,26.00,26.10,25.85,26.10,389000,23.19
2014-05-06,25.90,26.15,25.85,26.15,308000,23.24
2014-05-07,26.00,26.10,25.90,26.10,98000,23.19
2014-05-08,25.85,26.10,25.85,25.90,341000,23.01
2014-05-09,25.90,25.90,25.30,25.50,493000,22.66
2014-05-12,25.30,25.40,24.50,24.65,648000,21.90
2014-05-13,24.65,24.95,24.60,24.60,198000,21.86
2014-05-14,24.60,24.75,24.60,24.60,111000,21.86
2014-05-15,24.55,24.75,24.30,24.35,419000,21.64
2014-05-16,24.30,24.60,23.80,24.20,441000,21.50
2014-05-19,24.05,24.55,23.30,23.45,1145000,20.84
2014-05-20,23.45,23.55,22.90,23.55,532000,20.93
2014-05-21,23.45,23.70,23.05,23.05,385000,20.48
2014-05-22,23.50,23.70,23.40,23.40,861000,20.79
2014-05-23,23.50,23.65,23.25,23.50,460000,20.88
2014-05-26,23.50,23.60,23.35,23.50,278000,20.88
2014-05-27,23.50,23.50,23.25,23.50,504000,20.88
2014-05-28,23.50,23.50,23.30,23.50,345000,20.88
2014-05-29,23.50,23.50,23.20,23.40,690000,20.79
2014-05-30,23.25,23.50,23.25,23.45,447000,20.84
2014-06-02,23.45,23.45,23.45,23.45,000,20.84
2014-06-03,23.25,23.60,23.25,23.45,281000,20.84
2014-06-04,23.45,23.60,23.30,23.40,126000,20.79
2014-06-05,23.55,23.55,23.25,23.30,281000,20.70
2014-06-06,23.50,23.50,23.15,23.20,417000,20.61
2014-06-09,23.20,23.25,22.80,23.00,341000,20.44
2014-06-10,22.90,23.15,22.85,22.90,273000,20.35
2014-06-11,22.40,22.70,22.30,22.50,448000,19.99
2014-06-12,22.50,22.50,22.05,22.20,832000,19.73
2014-06-13,22.00,22.55,22.00,22.45,527000,19.95
2014-06-16,22.45,22.65,22.45,22.60,316000,20.08
2014-06-17,22.55,22.90,22.55,22.75,400000,20.22
2014-06-18,22.70,22.95,22.65,22.95,629000,20.39
2014-06-19,22.95,23.10,22.85,23.00,273000,20.44
2014-06-20,23.00,23.05,22.80,22.90,211000,20.35
2014-06-23,23.10,23.10,22.60,22.70,355000,20.17
2014-06-24,22.75,23.05,22.75,22.90,256000,20.35
2014-06-25,22.80,23.05,22.80,22.80,292000,20.26
2014-06-26,22.80,22.95,22.60,22.80,201000,20.26
2014-06-27,22.80,22.85,22.50,22.60,333000,20.08
2014-06-30,22.60,22.80,22.55,22.70,171000,20.17
2014-07-01,22.70,22.80,22.60,22.65,193000,20.13
2014-07-02,22.60,22.75,22.45,22.45,391000,19.95
2014-07-03,22.45,22.45,22.10,22.25,231000,19.77
2014-07-04,22.10,22.25,21.90,22.00,609000,19.55
2014-07-07,22.00,22.20,22.00,22.05,409000,19.59
2014-07-08,22.05,22.20,22.00,22.00,206000,19.55
2014-07-09,22.00,22.10,21.90,22.00,219000,19.55
2014-07-10,22.00,22.20,22.00,22.10,111000,19.64
2014-07-11,22.30,22.30,21.90,22.05,496000,19.59
2014-07-14,22.00,22.20,21.95,22.00,195000,19.55
2014-07-15,22.00,22.25,21.95,22.00,292000,19.55
2014-07-16,22.00,22.20,21.95,21.95,262000,19.50
2014-07-17,21.95,22.20,21.90,22.10,215000,19.64
2014-07-18,22.10,22.15,22.00,22.15,128000,19.68
2014-07-21,22.05,22.15,22.05,22.05,112000,19.59
2014-07-22,22.10,22.20,22.05,22.10,159000,19.64
2014-07-23,22.10,22.10,22.10,22.10,000,19.64
2014-07-24,22.15,22.45,22.15,22.45,269000,19.95
2014-07-25,22.50,22.65,22.50,22.65,336000,20.13
2014-07-28,22.65,22.80,22.60,22.75,509000,20.22
2014-07-29,22.85,22.85,22.70,22.70,308000,20.17
2014-07-30,22.75,23.00,22.75,22.95,408000,20.39
2014-07-31,23.00,23.00,22.75,22.90,439000,20.35
2014-08-01,22.95,22.95,22.50,22.60,477000,20.08
2014-08-04,22.60,22.90,22.60,22.75,445000,20.22
2014-08-05,22.90,22.90,22.50,22.50,724000,19.99
2014-08-06,20.00,20.00,19.65,19.75,528000,19.75
2014-08-07,19.80,19.85,19.05,19.30,416000,19.30
2014-08-08,19.30,19.30,18.10,18.15,748000,18.15
2014-08-11,18.15,18.15,17.20,17.25,853000,17.25
2014-08-12,17.50,18.05,17.30,17.50,840000,17.50
2014-08-13,17.55,17.60,17.50,17.55,314000,17.55
2014-08-14,17.55,17.55,17.35,17.45,343000,17.45
2014-08-15,17.40,17.40,16.30,16.95,927000,16.95
2014-08-18,16.85,16.85,16.10,16.20,721000,16.20
2014-08-19,16.10,17.30,16.10,17.30,1062000,17.30
2014-08-20,17.30,18.10,17.30,18.00,1205000,18.00
2014-08-21,18.00,19.25,17.60,19.25,2343000,19.25
2014-08-22,19.60,19.65,19.10,19.15,806000,19.15
2014-08-25,19.50,19.50,19.15,19.45,327000,19.45
2014-08-26,19.35,20.80,19.25,20.80,1584000,20.80
2014-08-27,21.20,22.25,20.80,22.20,3739000,22.20
2014-08-28,22.20,22.40,21.50,22.20,996000,22.20
2014-08-29,22.20,22.45,21.75,21.75,1108000,21.75
2014-09-01,22.30,23.20,22.00,23.20,3349000,23.20
2014-09-02,23.00,23.20,22.55,22.65,662000,22.65
2014-09-03,22.65,24.00,22.60,23.55,1840000,23.55
2014-09-04,23.60,24.10,23.60,23.80,874000,23.80
2014-09-05,23.85,24.70,23.85,24.00,1412000,24.00
2014-09-08,24.00,24.00,24.00,24.00,000,24.00
2014-09-09,24.50,24.85,24.20,24.50,1656000,24.50
2014-09-10,24.70,25.10,24.60,24.80,1903000,24.80
2014-09-11,24.50,24.60,23.25,24.50,2330000,24.50
2014-09-12,24.50,24.50,23.60,23.70,551000,23.70
2014-09-15,23.50,23.70,23.10,23.10,400000,23.10
2014-09-16,22.40,22.95,22.05,22.10,559000,22.10
2014-09-17,22.20,23.60,22.20,23.55,845000,23.55
2014-09-18,23.55,24.40,23.20,23.20,1102000,23.20
2014-09-19,23.30,24.00,23.25,23.35,580000,23.35
2014-09-22,23.35,23.90,23.35,23.75,351000,23.75
2014-09-23,23.75,23.95,23.60,23.75,404000,23.75
2014-09-24,23.65,24.50,23.55,24.20,678000,24.20
2014-09-25,24.20,24.50,23.40,23.50,421000,23.50
2014-09-26,22.45,23.80,22.45,23.70,198000,23.70
2014-09-29,24.00,24.10,23.30,23.50,574000,23.50
2014-09-30,23.45,23.65,23.00,23.15,257000,23.15
2014-10-01,23.10,23.25,23.00,23.20,295000,23.20
2014-10-02,23.05,23.10,22.35,22.60,548000,22.60
2014-10-03,22.65,23.00,22.65,22.65,355000,22.65
2014-10-06,22.50,22.75,22.35,22.35,278000,22.35
2014-10-07,22.35,22.55,21.75,22.25,308000,22.25
2014-10-08,22.00,23.80,21.80,23.55,1426000,23.55
2014-10-09,23.30,23.80,22.80,22.80,426000,22.80
2014-10-10,22.80,22.80,22.80,22.80,000,22.80
2014-10-13,22.25,22.40,22.00,22.00,434000,22.00
2014-10-14,22.40,22.40,21.50,21.70,361000,21.70
2014-10-15,21.80,21.90,20.20,20.30,410000,20.30
2014-10-16,20.30,20.30,18.90,19.70,694000,19.70
2014-10-17,19.70,19.70,19.10,19.10,217000,19.10
2014-10-20,20.00,20.30,19.50,19.90,145000,19.90
2014-10-21,19.90,20.35,19.80,20.10,254000,20.10
2014-10-22,20.30,20.55,20.20,20.20,150000,20.20
2014-10-23,20.15,20.45,19.75,20.45,297000,20.45
2014-10-24,20.50,20.50,20.05,20.05,137000,20.05
2014-10-27,20.05,20.05,18.65,19.05,341000,19.05
2014-10-28,19.15,19.60,19.15,19.45,136000,19.45
2014-10-29,19.55,19.65,19.40,19.45,232000,19.45
2014-10-30,19.45,19.60,19.30,19.30,117000,19.30
2014-10-31,19.30,19.50,19.00,19.00,179000,19.00
2014-11-03,19.20,19.35,19.00,19.15,187000,19.15
2014-11-04,19.20,19.25,19.10,19.10,50000,19.10
2014-11-05,19.15,19.25,19.05,19.05,63000,19.05
2014-11-06,19.10,19.20,19.10,19.10,76000,19.10
2014-11-07,19.15,19.90,19.10,19.70,214000,19.70
2014-11-10,20.05,20.85,19.70,20.70,277000,20.70
2014-11-11,20.85,20.85,20.35,20.50,192000,20.50
2014-11-12,20.50,20.50,19.60,19.60,214000,19.60
2014-11-13,19.60,20.00,19.60,19.80,86000,19.80
2014-11-14,19.80,20.30,19.65,20.10,92000,20.10
2014-11-17,20.30,20.40,19.65,19.80,73000,19.80
2014-11-18,19.90,20.15,19.75,20.10,178000,20.10
2014-11-19,20.10,20.30,20.00,20.00,69000,20.00
2014-11-20,20.00,20.35,19.80,19.90,90000,19.90
2014-11-21,20.30,20.30,19.70,19.70,115000,19.70
2014-11-24,20.05,20.05,19.50,19.70,105000,19.70
2014-11-25,19.70,19.70,19.10,19.45,132000,19.45
2014-11-26,19.70,19.70,19.20,19.20,105000,19.20
2014-11-27,19.50,19.50,19.20,19.35,66000,19.35
2014-11-28,19.30,19.80,18.60,19.50,367000,19.50
2014-12-01,18.90,19.50,18.80,19.30,111000,19.30
2014-12-02,19.40,20.65,19.40,20.30,592000,20.30
2014-12-03,20.30,20.60,20.05,20.40,216000,20.40
2014-12-04,21.00,21.00,20.10,20.10,244000,20.10
2014-12-05,20.05,20.90,20.00,20.25,412000,20.25
2014-12-08,20.30,20.30,20.00,20.10,128000,20.10
2014-12-09,20.05,20.10,19.90,19.90,83000,19.90
2014-12-10,20.00,20.35,19.80,19.90,118000,19.90
2014-12-11,19.90,19.95,19.75,19.80,72000,19.80
2014-12-12,19.90,19.90,19.55,19.65,177000,19.65
2014-12-15,19.50,19.80,19.45,19.65,213000,19.65
2014-12-16,19.75,20.20,19.75,19.85,308000,19.85
2014-12-17,19.95,19.95,19.30,19.40,239000,19.40
2014-12-18,19.40,19.55,19.20,19.30,133000,19.30
2014-12-19,19.50,19.75,19.25,19.25,269000,19.25
2014-12-22,19.40,19.80,19.20,19.35,154000,19.35
2014-12-23,19.40,19.60,19.10,19.55,223000,19.55
2014-12-24,19.80,19.85,19.30,19.55,334000,19.55
2014-12-25,19.55,19.65,19.35,19.60,175000,19.60
2014-12-26,19.60,19.80,19.55,19.70,271000,19.70
2014-12-29,19.55,19.80,19.55,19.70,108000,19.70
2014-12-30,19.80,21.05,19.80,20.75,1256000,20.75
2014-12-31,20.80,22.15,20.50,21.75,1254000,21.75
2015-01-01,21.75,21.75,21.75,21.75,000,21.75
2015-01-02,21.75,21.75,21.75,21.75,000,21.75
2015-01-05,21.75,22.00,21.35,21.70,488000,21.70
2015-01-06,21.50,21.70,20.65,21.10,384000,21.10
2015-01-07,21.10,21.60,20.80,21.00,479000,21.00
2015-01-08,21.30,21.30,20.60,20.60,375000,20.60
2015-01-09,21.30,21.30,20.60,20.70,287000,20.70
2015-01-12,20.75,21.00,20.50,20.50,352000,20.50
2015-01-13,20.50,20.80,20.30,20.70,462000,20.70
2015-01-14,20.60,20.70,20.00,20.55,506000,20.55
2015-01-15,20.50,20.55,19.70,20.35,767000,20.35
2015-01-16,20.35,20.35,19.95,20.00,205000,20.00
2015-01-19,20.00,20.10,19.75,19.75,284000,19.75
2015-01-20,19.75,20.20,19.70,20.10,345000,20.10
2015-01-21,20.00,20.10,19.80,19.90,125000,19.90
2015-01-22,20.00,20.00,19.65,19.65,239000,19.65
2015-01-23,19.75,20.00,19.50,19.50,410000,19.50
2015-01-26,19.75,19.75,19.55,19.60,136000,19.60
2015-01-27,19.60,20.00,19.60,19.85,310000,19.85
2015-01-28,19.75,19.85,19.60,19.75,170000,19.75
2015-01-29,19.65,19.85,19.60,19.85,254000,19.85
2015-01-30,19.85,20.50,19.85,20.15,840000,20.15
2015-02-02,20.15,20.30,20.05,20.05,142000,20.05
2015-02-03,20.00,20.50,20.00,20.25,455000,20.25
2015-02-04,20.35,20.35,19.90,20.15,172000,20.15
2015-02-05,20.15,20.40,20.10,20.20,270000,20.20
2015-02-06,20.20,20.25,19.85,20.00,279000,20.00
2015-02-09,20.10,20.15,19.90,20.00,71001,0.0
2015-02-10,20.00,20.30,20.00,20.10,207000,0.0
2015-02-11,20.15,20.40,19.95,20.05,204000,0.0
2015-02-12,20.05,20.15,20.00,20.10,246000,0.0
2015-02-13,20.20,20.65,20.20,20.40,631000,0.0
